INDEX,LOT,TIME,PH,TEMP,VOLTAGE,DATE,image_file,DETECTION,defective_type
66,1,2021-09-06 04:35:19,2.05,43.37,15.11,2021-09-06,KEMP_IMG_DATA_1.png,0,0
194,3,2021-09-06 04:46:42,1.93,41.77,18.12,2021-09-06,KEMP_IMG_DATA_100.png,0,0
529,8,2021-09-06 05:16:27,1.95,41.34,15.53,2021-09-06,KEMP_IMG_DATA_100.png,0,0
705,11,2021-09-06 05:32:15,2.06,42.58,16.22,2021-09-06,KEMP_IMG_DATA_1.png,0,0
720,11,2021-09-06 05:33:30,1.93,44.56,19.31,2021-09-06,KEMP_IMG_DATA_100.png,0,0
811,12,2021-09-06 05:41:27,1.99,41.95,15.09,2021-09-06,KEMP_IMG_DATA_100.png,0,0
1114,17,2021-09-06 06:08:31,2.0,41.85,17.35,2021-09-06,KEMP_IMG_DATA_100.png,0,0
1201,18,2021-09-06 06:16:07,1.98,41.0,19.42,2021-09-06,KEMP_IMG_DATA_1.png,0,0
1229,18,2021-09-06 06:18:27,1.97,44.68,19.22,2021-09-06,KEMP_IMG_DATA_1.png,0,0
1233,18,2021-09-06 06:18:47,1.89,41.13,19.02,2021-09-06,KEMP_IMG_DATA_100.png,0,0
1368,20,2021-09-06 06:30:46,2.18,40.73,17.7,2021-09-06,KEMP_IMG_DATA_1.png,0,0
1743,4,2021-09-07 04:43:15,2.02,40.51,18.55,2021-09-07,KEMP_IMG_DATA_1.png,0,0
1745,4,2021-09-07 04:43:25,1.87,42.58,15.43,2021-09-07,KEMP_IMG_DATA_100.png,0,0
1762,4,2021-09-07 04:44:50,2.02,40.14,19.84,2021-09-07,KEMP_IMG_DATA_100.png,0,0
1806,5,2021-09-07 04:48:51,1.95,41.18,17.75,2021-09-07,KEMP_IMG_DATA_1.png,0,0
1835,5,2021-09-07 04:51:16,2.04,43.35,17.59,2021-09-07,KEMP_IMG_DATA_1.png,0,0
1878,6,2021-09-07 04:55:13,2.04,44.45,17.59,2021-09-07,KEMP_IMG_DATA_100.png,0,0
2153,10,2021-09-07 05:19:34,2.19,43.53,16.99,2021-09-07,KEMP_IMG_DATA_100.png,0,0
2278,12,2021-09-07 05:30:43,1.84,43.03,16.41,2021-09-07,KEMP_IMG_DATA_1.png,0,0
2302,12,2021-09-07 05:32:43,1.89,43.4,19.39,2021-09-07,KEMP_IMG_DATA_1.png,0,0
2309,12,2021-09-07 05:33:18,2.09,43.54,19.23,2021-09-07,KEMP_IMG_DATA_1.png,0,0
2372,13,2021-09-07 05:38:54,2.07,42.12,18.56,2021-09-07,KEMP_IMG_DATA_100.png,0,0
2480,14,2021-09-07 05:48:14,2.04,43.17,17.06,2021-09-07,KEMP_IMG_DATA_100.png,0,0
2513,15,2021-09-07 05:51:22,1.83,42.8,15.08,2021-09-07,KEMP_IMG_DATA_1.png,0,0
2560,16,2021-09-07 05:55:39,1.94,41.44,15.33,2021-09-07,KEMP_IMG_DATA_100.png,0,0
2640,17,2021-09-07 06:02:40,1.86,43.68,18.94,2021-09-07,KEMP_IMG_DATA_100.png,0,0
2662,17,2021-09-07 06:04:30,2.06,43.09,16.59,2021-09-07,KEMP_IMG_DATA_1.png,0,0
2680,17,2021-09-07 06:06:00,2.01,43.11,17.86,2021-09-07,KEMP_IMG_DATA_100.png,0,0
2734,18,2021-09-07 06:10:53,1.88,41.25,19.16,2021-09-07,KEMP_IMG_DATA_100.png,0,0
2740,18,2021-09-07 06:11:23,1.95,43.25,18.9,2021-09-07,KEMP_IMG_DATA_100.png,0,0
2780,19,2021-09-07 06:15:05,2.0,40.21,16.17,2021-09-07,KEMP_IMG_DATA_100.png,0,0
2795,19,2021-09-07 06:16:20,1.83,40.26,17.72,2021-09-07,KEMP_IMG_DATA_1.png,0,0
2844,20,2021-09-07 06:20:46,2.12,44.94,19.21,2021-09-07,KEMP_IMG_DATA_1.png,0,0
2862,20,2021-09-07 06:22:16,1.85,40.7,17.62,2021-09-07,KEMP_IMG_DATA_1.png,0,0
2906,21,2021-09-07 06:26:19,1.83,36.8,17.75,2021-09-07,KEMP_IMG_DATA_100.png,0,0
3408,6,2021-09-08 04:59:33,1.9,44.53,18.35,2021-09-08,KEMP_IMG_DATA_100.png,0,0
3424,6,2021-09-08 05:00:53,1.87,42.83,18.2,2021-09-08,KEMP_IMG_DATA_1.png,0,0
3606,9,2021-09-08 05:17:08,1.85,44.91,16.32,2021-09-08,KEMP_IMG_DATA_1.png,0,0
3778,11,2021-09-08 05:32:14,1.85,40.15,16.78,2021-09-08,KEMP_IMG_DATA_100.png,0,0
3931,13,2021-09-08 05:45:44,1.89,40.07,15.18,2021-09-08,KEMP_IMG_DATA_1.png,0,0
4559,1,2021-09-09 04:24:07,1.95,40.9,15.39,2021-09-09,KEMP_IMG_DATA_100.png,0,0
4647,2,2021-09-09 04:31:50,1.83,40.77,16.67,2021-09-09,KEMP_IMG_DATA_1.png,0,0
4713,3,2021-09-09 04:37:42,1.9,42.43,19.03,2021-09-09,KEMP_IMG_DATA_1.png,0,0
4970,7,2021-09-09 05:00:37,2.11,41.25,18.34,2021-09-09,KEMP_IMG_DATA_100.png,0,0
5012,7,2021-09-09 05:04:07,1.95,42.84,16.09,2021-09-09,KEMP_IMG_DATA_1.png,0,0
5061,8,2021-09-09 05:08:33,2.19,43.84,15.84,2021-09-09,KEMP_IMG_DATA_100.png,0,0
5105,8,2021-09-09 05:12:13,1.9,41.61,17.74,2021-09-09,KEMP_IMG_DATA_100.png,0,0
5108,9,2021-09-09 05:12:50,1.99,43.62,15.96,2021-09-09,KEMP_IMG_DATA_1.png,0,0
5138,9,2021-09-09 05:15:20,2.02,44.08,15.51,2021-09-09,KEMP_IMG_DATA_100.png,0,0
5243,10,2021-09-09 05:24:27,1.89,40.41,16.8,2021-09-09,KEMP_IMG_DATA_1.png,0,0
5275,11,2021-09-09 05:27:29,1.99,40.94,18.45,2021-09-09,KEMP_IMG_DATA_1.png,0,0
5381,12,2021-09-09 05:36:40,2.18,42.08,15.2,2021-09-09,KEMP_IMG_DATA_100.png,0,0
5406,13,2021-09-09 05:39:05,1.87,41.47,19.1,2021-09-09,KEMP_IMG_DATA_100.png,0,0
5427,13,2021-09-09 05:40:50,2.02,41.48,16.02,2021-09-09,KEMP_IMG_DATA_1.png,0,0
5659,17,2021-09-09 06:01:36,1.82,40.82,15.47,2021-09-09,KEMP_IMG_DATA_1.png,0,0
5665,17,2021-09-09 06:02:06,1.93,43.7,16.55,2021-09-09,KEMP_IMG_DATA_1.png,0,0
5751,18,2021-09-09 06:09:38,2.12,41.3,15.98,2021-09-09,KEMP_IMG_DATA_100.png,0,0
5792,18,2021-09-09 06:13:04,2.07,41.68,19.85,2021-09-09,KEMP_IMG_DATA_1.png,0,0
5824,19,2021-09-09 06:16:05,2.01,44.33,16.91,2021-09-09,KEMP_IMG_DATA_100.png,0,0
5921,20,2021-09-09 06:24:33,1.82,40.82,19.31,2021-09-09,KEMP_IMG_DATA_1.png,0,0
5975,21,2021-09-09 06:29:24,1.86,41.93,17.55,2021-09-09,KEMP_IMG_DATA_1.png,0,0
6002,21,2021-09-09 06:31:39,2.12,40.01,18.32,2021-09-09,KEMP_IMG_DATA_100.png,0,0
6027,22,2021-09-09 06:34:05,2.14,43.59,18.51,2021-09-09,KEMP_IMG_DATA_100.png,0,0
6158,2,2021-09-10 04:31:29,2.05,43.85,16.8,2021-09-10,KEMP_IMG_DATA_1.png,0,0
6271,3,2021-09-10 04:41:16,2.01,44.59,17.76,2021-09-10,KEMP_IMG_DATA_1.png,0,0
6489,7,2021-09-10 05:00:54,2.12,40.2,16.51,2021-09-10,KEMP_IMG_DATA_1.png,0,0
6520,7,2021-09-10 05:03:29,1.81,40.34,18.54,2021-09-10,KEMP_IMG_DATA_1.png,0,0
6554,7,2021-09-10 05:06:20,1.91,42.68,19.0,2021-09-10,KEMP_IMG_DATA_100.png,0,0
6857,12,2021-09-10 05:33:26,1.85,42.61,16.31,2021-09-10,KEMP_IMG_DATA_100.png,0,0
6865,12,2021-09-10 05:34:06,1.9,44.49,16.5,2021-09-10,KEMP_IMG_DATA_1.png,0,0
6968,13,2021-09-10 05:43:04,2.03,41.62,15.85,2021-09-10,KEMP_IMG_DATA_100.png,0,0
7019,14,2021-09-10 05:47:41,1.89,44.32,17.86,2021-09-10,KEMP_IMG_DATA_100.png,0,0
7119,16,2021-09-10 05:56:42,1.99,40.16,17.29,2021-09-10,KEMP_IMG_DATA_100.png,0,0
7261,18,2021-09-10 06:09:14,1.97,43.05,15.83,2021-09-10,KEMP_IMG_DATA_1.png,0,0
7374,19,2021-09-10 06:19:01,1.98,42.53,16.22,2021-09-10,KEMP_IMG_DATA_100.png,0,0
7458,21,2021-09-10 06:26:44,1.91,43.39,19.34,2021-09-10,KEMP_IMG_DATA_1.png,0,0
7658,1,2021-09-13 04:34:27,2.12,40.19,19.76,2021-09-13,KEMP_IMG_DATA_100.png,0,0
7698,2,2021-09-13 04:38:09,2.11,43.64,18.74,2021-09-13,KEMP_IMG_DATA_100.png,0,0
7717,2,2021-09-13 04:39:44,1.99,44.42,15.78,2021-09-13,KEMP_IMG_DATA_100.png,0,0
7803,4,2021-09-13 04:47:39,2.09,43.99,16.35,2021-09-13,KEMP_IMG_DATA_1.png,0,0
7826,4,2021-09-13 04:49:34,1.89,43.22,15.46,2021-09-13,KEMP_IMG_DATA_1.png,0,0
7901,5,2021-09-13 04:56:11,1.96,41.92,18.01,2021-09-13,KEMP_IMG_DATA_1.png,0,0
7917,5,2021-09-13 04:57:31,2.11,42.41,17.0,2021-09-13,KEMP_IMG_DATA_100.png,0,0
7930,5,2021-09-13 04:58:36,2.47,41.38,17.12,2021-09-13,KEMP_IMG_DATA_100.png,0,0
8032,7,2021-09-13 05:07:50,1.84,40.6,19.37,2021-09-13,KEMP_IMG_DATA_1.png,0,0
8158,9,2021-09-13 05:19:04,2.03,43.09,19.29,2021-09-13,KEMP_IMG_DATA_1.png,0,0
8230,10,2021-09-13 05:25:27,2.01,40.93,18.53,2021-09-13,KEMP_IMG_DATA_1.png,0,0
8333,11,2021-09-13 05:34:24,2.18,40.38,17.92,2021-09-13,KEMP_IMG_DATA_100.png,0,0
8377,12,2021-09-13 05:38:27,1.83,44.97,17.18,2021-09-13,KEMP_IMG_DATA_1.png,0,0
8413,12,2021-09-13 05:41:27,2.14,42.8,18.99,2021-09-13,KEMP_IMG_DATA_1.png,0,0
8484,13,2021-09-13 05:47:45,2.14,41.21,16.17,2021-09-13,KEMP_IMG_DATA_100.png,0,0
8532,14,2021-09-13 05:52:05,2.19,41.75,17.15,2021-09-13,KEMP_IMG_DATA_1.png,0,0
8596,15,2021-09-13 05:57:48,2.15,40.15,16.32,2021-09-13,KEMP_IMG_DATA_100.png,0,0
8691,16,2021-09-13 06:06:05,2.41,33.14,15.74,2021-09-13,KEMP_IMG_DATA_100.png,0,0
8776,18,2021-09-13 06:13:55,2.22,42.82,13.41,2021-09-13,KEMP_IMG_DATA_1.png,0,0
8802,18,2021-09-13 06:16:05,2.13,43.25,17.41,2021-09-13,KEMP_IMG_DATA_100.png,0,0
8849,19,2021-09-13 06:20:22,1.81,44.09,18.33,2021-09-13,KEMP_IMG_DATA_100.png,0,0
8984,21,2021-09-13 06:32:22,1.82,44.8,17.45,2021-09-13,KEMP_IMG_DATA_100.png,0,0
9163,1,2021-09-14 04:28:21,2.03,41.08,18.72,2021-09-14,KEMP_IMG_DATA_1.png,0,0
9167,1,2021-09-14 04:28:41,1.9,41.15,17.58,2021-09-14,KEMP_IMG_DATA_1.png,0,0
9270,3,2021-09-14 04:38:01,1.98,43.03,17.15,2021-09-14,KEMP_IMG_DATA_100.png,0,0
9343,4,2021-09-14 04:44:27,1.96,43.92,18.77,2021-09-14,KEMP_IMG_DATA_100.png,0,0
9357,4,2021-09-14 04:45:37,2.0,41.6,19.73,2021-09-14,KEMP_IMG_DATA_100.png,0,0
9367,4,2021-09-14 04:46:27,1.89,44.69,16.34,2021-09-14,KEMP_IMG_DATA_100.png,0,0
9452,5,2021-09-14 04:53:53,1.87,41.49,15.36,2021-09-14,KEMP_IMG_DATA_1.png,0,0
9579,7,2021-09-14 05:05:11,2.13,40.54,15.18,2021-09-14,KEMP_IMG_DATA_100.png,0,0
10163,16,2021-09-14 05:57:03,1.81,41.0,19.87,2021-09-14,KEMP_IMG_DATA_100.png,0,0
10165,16,2021-09-14 05:57:13,2.34,41.56,16.65,2021-09-14,KEMP_IMG_DATA_1.png,0,0
10220,17,2021-09-14 06:02:09,1.83,42.19,15.79,2021-09-14,KEMP_IMG_DATA_1.png,0,0
10248,17,2021-09-14 06:04:29,1.87,42.27,16.35,2021-09-14,KEMP_IMG_DATA_100.png,0,0
10425,20,2021-09-14 06:20:18,2.03,42.56,18.97,2021-09-14,KEMP_IMG_DATA_100.png,0,0
10481,20,2021-09-14 06:24:58,1.9,42.28,18.89,2021-09-14,KEMP_IMG_DATA_1.png,0,0
10482,20,2021-09-14 06:25:03,2.12,40.26,15.68,2021-09-14,KEMP_IMG_DATA_100.png,0,0
10493,21,2021-09-14 06:26:20,2.02,42.26,18.6,2021-09-14,KEMP_IMG_DATA_1.png,0,0
10646,1,2021-09-15 04:31:26,1.85,42.38,16.67,2021-09-15,KEMP_IMG_DATA_1.png,0,0
10766,3,2021-09-15 04:42:09,2.39,42.19,16.49,2021-09-15,KEMP_IMG_DATA_100.png,0,0
10816,3,2021-09-15 04:46:19,1.91,42.64,17.01,2021-09-15,KEMP_IMG_DATA_1.png,0,0
11032,6,2021-09-15 05:05:25,2.07,40.12,17.93,2021-09-15,KEMP_IMG_DATA_1.png,0,0
11043,7,2021-09-15 05:06:40,1.88,43.7,16.28,2021-09-15,KEMP_IMG_DATA_1.png,0,0
11074,7,2021-09-15 05:09:15,2.19,42.8,17.64,2021-09-15,KEMP_IMG_DATA_100.png,0,0
11101,7,2021-09-15 05:11:30,1.92,42.69,18.81,2021-09-15,KEMP_IMG_DATA_100.png,0,0
11105,7,2021-09-15 05:11:50,1.92,41.95,19.15,2021-09-15,KEMP_IMG_DATA_1.png,0,0
11252,10,2021-09-15 05:25:12,1.87,42.15,19.99,2021-09-15,KEMP_IMG_DATA_100.png,0,0
11329,11,2021-09-15 05:31:58,2.06,42.33,16.16,2021-09-15,KEMP_IMG_DATA_1.png,0,0
11361,11,2021-09-15 05:34:38,1.92,44.0,18.28,2021-09-15,KEMP_IMG_DATA_100.png,0,0
11372,11,2021-09-15 05:35:33,1.98,44.43,15.49,2021-09-15,KEMP_IMG_DATA_1.png,0,0
11429,12,2021-09-15 05:40:40,1.93,43.37,18.28,2021-09-15,KEMP_IMG_DATA_100.png,0,0
11511,13,2021-09-15 05:47:52,2.13,44.61,15.46,2021-09-15,KEMP_IMG_DATA_1.png,0,0
11585,14,2021-09-15 05:54:24,2.12,41.73,19.83,2021-09-15,KEMP_IMG_DATA_100.png,0,0
11606,15,2021-09-15 05:56:31,1.88,41.76,17.8,2021-09-15,KEMP_IMG_DATA_100.png,0,0
11631,15,2021-09-15 05:58:36,1.97,40.82,18.38,2021-09-15,KEMP_IMG_DATA_100.png,0,0
11640,15,2021-09-15 05:59:21,1.87,42.26,15.19,2021-09-15,KEMP_IMG_DATA_1.png,0,0
11718,16,2021-09-15 06:06:14,2.13,44.68,18.96,2021-09-15,KEMP_IMG_DATA_100.png,0,0
11879,19,2021-09-15 06:20:45,2.12,40.02,19.74,2021-09-15,KEMP_IMG_DATA_1.png,0,0
11963,20,2021-09-15 06:28:07,2.15,40.88,16.38,2021-09-15,KEMP_IMG_DATA_1.png,0,0
12008,21,2021-09-15 06:32:14,2.1,44.86,17.0,2021-09-15,KEMP_IMG_DATA_100.png,0,0
12060,21,2021-09-15 06:36:34,1.88,44.82,18.08,2021-09-15,KEMP_IMG_DATA_1.png,0,0
12493,6,2021-09-16 04:59:07,2.01,40.68,19.22,2021-09-16,KEMP_IMG_DATA_1.png,0,0
12557,6,2021-09-16 05:04:27,2.06,44.21,16.6,2021-09-16,KEMP_IMG_DATA_100.png,0,0
12608,7,2021-09-16 05:09:02,1.94,44.07,18.38,2021-09-16,KEMP_IMG_DATA_100.png,0,0
12634,8,2021-09-16 05:11:33,2.06,41.57,16.19,2021-09-16,KEMP_IMG_DATA_100.png,0,0
12707,9,2021-09-16 05:17:58,2.12,40.29,17.83,2021-09-16,KEMP_IMG_DATA_100.png,0,0
12916,12,2021-09-16 05:36:29,1.82,41.62,17.56,2021-09-16,KEMP_IMG_DATA_100.png,0,0
12940,12,2021-09-16 05:38:30,2.14,43.41,16.03,2021-09-16,KEMP_IMG_DATA_1.png,0,0
12970,12,2021-09-16 05:41:00,1.81,40.36,17.07,2021-09-16,KEMP_IMG_DATA_1.png,0,0
13146,15,2021-09-16 05:56:45,1.97,40.83,19.05,2021-09-16,KEMP_IMG_DATA_100.png,0,0
13150,15,2021-09-16 05:57:05,1.81,42.6,19.04,2021-09-16,KEMP_IMG_DATA_100.png,0,0
13157,15,2021-09-16 05:57:40,2.16,44.61,16.39,2021-09-16,KEMP_IMG_DATA_1.png,0,0
13280,17,2021-09-16 06:08:39,1.83,42.02,19.44,2021-09-16,KEMP_IMG_DATA_1.png,0,0
13313,17,2021-09-16 06:11:24,1.83,41.01,16.95,2021-09-16,KEMP_IMG_DATA_1.png,0,0
13315,17,2021-09-16 06:11:34,1.94,43.93,16.89,2021-09-16,KEMP_IMG_DATA_100.png,0,0
13326,18,2021-09-16 06:12:50,2.18,40.03,17.33,2021-09-16,KEMP_IMG_DATA_1.png,0,0
13576,21,2021-09-16 06:34:44,2.18,41.47,18.31,2021-09-16,KEMP_IMG_DATA_100.png,0,0
13586,21,2021-09-16 06:35:34,2.17,41.03,18.11,2021-09-16,KEMP_IMG_DATA_1.png,0,0
13661,22,2021-09-16 06:42:10,1.92,43.53,19.16,2021-09-16,KEMP_IMG_DATA_100.png,0,0
13808,3,2021-09-17 04:41:21,2.05,41.8,18.68,2021-09-17,KEMP_IMG_DATA_100.png,0,0
13860,3,2021-09-17 04:45:42,1.96,44.99,18.77,2021-09-17,KEMP_IMG_DATA_100.png,0,0
14067,6,2021-09-17 05:04:05,2.17,42.85,15.47,2021-09-17,KEMP_IMG_DATA_1.png,0,0
14189,8,2021-09-17 05:14:57,1.84,43.25,17.84,2021-09-17,KEMP_IMG_DATA_100.png,0,0
14206,8,2021-09-17 05:16:22,2.02,41.47,16.64,2021-09-17,KEMP_IMG_DATA_1.png,0,0
14363,11,2021-09-17 05:30:33,2.15,40.84,18.12,2021-09-17,KEMP_IMG_DATA_1.png,0,0
14407,11,2021-09-17 05:34:13,1.89,43.17,16.16,2021-09-17,KEMP_IMG_DATA_100.png,0,0
14582,14,2021-09-17 05:49:53,2.05,42.82,16.3,2021-09-17,KEMP_IMG_DATA_100.png,0,0
14712,16,2021-09-17 06:01:27,2.05,40.98,17.76,2021-09-17,KEMP_IMG_DATA_1.png,0,0
14735,16,2021-09-17 06:03:22,2.16,44.75,17.45,2021-09-17,KEMP_IMG_DATA_1.png,0,0
14758,16,2021-09-17 06:05:17,2.12,43.57,16.06,2021-09-17,KEMP_IMG_DATA_100.png,0,0
14961,19,2021-09-17 06:23:19,1.81,40.24,16.97,2021-09-17,KEMP_IMG_DATA_1.png,0,0
15083,21,2021-09-17 06:34:13,1.99,42.78,16.77,2021-09-17,KEMP_IMG_DATA_100.png,0,0
15094,21,2021-09-17 06:35:08,2.07,43.3,16.54,2021-09-17,KEMP_IMG_DATA_100.png,0,0
15167,22,2021-09-17 06:41:35,1.93,41.29,18.41,2021-09-17,KEMP_IMG_DATA_1.png,0,0
15219,1,2021-09-23 04:23:30,1.81,43.7,18.41,2021-09-23,KEMP_IMG_DATA_100.png,0,0
15265,2,2021-09-23 04:27:41,2.12,42.58,17.33,2021-09-23,KEMP_IMG_DATA_1.png,0,0
15273,2,2021-09-23 04:28:21,2.06,44.38,16.42,2021-09-23,KEMP_IMG_DATA_1.png,0,0
15281,2,2021-09-23 04:29:01,1.94,43.08,18.43,2021-09-23,KEMP_IMG_DATA_100.png,0,0
15587,6,2021-09-23 04:56:03,2.05,42.68,16.49,2021-09-23,KEMP_IMG_DATA_1.png,0,0
15619,7,2021-09-23 04:59:04,2.08,42.29,17.32,2021-09-23,KEMP_IMG_DATA_100.png,0,0
15651,7,2021-09-23 05:01:44,2.17,40.62,18.25,2021-09-23,KEMP_IMG_DATA_1.png,0,0
15704,8,2021-09-23 05:06:29,2.06,42.81,15.71,2021-09-23,KEMP_IMG_DATA_100.png,0,0
15852,10,2021-09-23 05:19:35,2.48,43.27,15.26,2021-09-23,KEMP_IMG_DATA_1.png,0,0
15984,12,2021-09-23 05:31:17,2.19,44.81,16.29,2021-09-23,KEMP_IMG_DATA_100.png,0,0
15988,12,2021-09-23 05:31:37,1.85,44.02,16.28,2021-09-23,KEMP_IMG_DATA_1.png,0,0
16078,14,2021-09-23 05:39:51,1.95,43.93,15.6,2021-09-23,KEMP_IMG_DATA_1.png,0,0
16113,14,2021-09-23 05:42:46,2.11,43.2,17.08,2021-09-23,KEMP_IMG_DATA_100.png,0,0
16118,14,2021-09-23 05:43:11,2.04,44.11,18.63,2021-09-23,KEMP_IMG_DATA_1.png,0,0
16322,17,2021-09-23 06:01:18,1.81,43.68,15.89,2021-09-23,KEMP_IMG_DATA_100.png,0,0
16375,18,2021-09-23 06:06:04,1.9,41.61,15.5,2021-09-23,KEMP_IMG_DATA_100.png,0,0
16386,18,2021-09-23 06:07:00,1.91,43.5,16.63,2021-09-23,KEMP_IMG_DATA_100.png,0,0
16397,18,2021-09-23 06:07:55,1.81,41.47,17.93,2021-09-23,KEMP_IMG_DATA_1.png,0,0
16519,20,2021-09-23 06:18:48,2.16,41.68,19.62,2021-09-23,KEMP_IMG_DATA_1.png,0,0
16592,21,2021-09-23 06:25:15,2.15,41.24,17.66,2021-09-23,KEMP_IMG_DATA_100.png,0,0
16616,21,2021-09-23 06:27:15,1.95,42.15,17.44,2021-09-23,KEMP_IMG_DATA_100.png,0,0
16619,21,2021-09-23 06:27:30,1.98,44.29,19.99,2021-09-23,KEMP_IMG_DATA_1.png,0,0
16751,1,2021-09-24 04:27:57,1.85,44.33,15.71,2021-09-24,KEMP_IMG_DATA_1.png,0,0
16823,2,2021-09-24 04:34:18,1.99,42.82,15.77,2021-09-24,KEMP_IMG_DATA_100.png,0,0
16933,4,2021-09-24 04:44:11,1.86,43.37,17.5,2021-09-24,KEMP_IMG_DATA_1.png,0,0
17042,5,2021-09-24 04:53:38,2.02,43.25,18.24,2021-09-24,KEMP_IMG_DATA_100.png,0,0
17071,6,2021-09-24 04:56:24,2.17,44.87,17.98,2021-09-24,KEMP_IMG_DATA_1.png,0,0
17089,6,2021-09-24 04:57:55,1.83,44.36,18.84,2021-09-24,KEMP_IMG_DATA_100.png,0,0
17278,9,2021-09-24 05:14:48,2.11,40.28,16.8,2021-09-24,KEMP_IMG_DATA_100.png,0,0
17382,10,2021-09-24 05:23:51,2.18,42.3,16.49,2021-09-24,KEMP_IMG_DATA_100.png,0,0
17803,17,2021-09-24 06:01:27,2.13,41.43,18.09,2021-09-24,KEMP_IMG_DATA_100.png,0,0
17968,19,2021-09-24 06:15:55,1.87,40.3,17.86,2021-09-24,KEMP_IMG_DATA_100.png,0,0
18056,20,2021-09-24 06:23:36,2.12,43.56,17.26,2021-09-24,KEMP_IMG_DATA_1.png,0,0
18071,20,2021-09-24 06:24:52,2.19,41.66,17.71,2021-09-24,KEMP_IMG_DATA_1.png,0,0
18116,21,2021-09-24 06:28:58,1.95,42.26,19.93,2021-09-24,KEMP_IMG_DATA_100.png,0,0
18126,21,2021-09-24 06:29:48,1.85,40.09,18.45,2021-09-24,KEMP_IMG_DATA_1.png,0,0
18150,22,2021-09-24 06:32:11,1.96,40.92,19.5,2021-09-24,KEMP_IMG_DATA_100.png,0,0
18173,22,2021-09-24 06:34:06,1.96,42.34,15.08,2021-09-24,KEMP_IMG_DATA_100.png,0,0
18206,22,2021-09-24 06:36:52,2.06,43.97,18.68,2021-09-24,KEMP_IMG_DATA_1.png,0,0
18261,1,2021-09-27 04:24:01,2.02,40.71,18.29,2021-09-27,KEMP_IMG_DATA_1.png,0,0
18441,4,2021-09-27 04:40:08,2.16,40.41,19.95,2021-09-27,KEMP_IMG_DATA_1.png,0,0
18485,4,2021-09-27 04:43:48,2.18,43.96,19.77,2021-09-27,KEMP_IMG_DATA_1.png,0,0
18575,6,2021-09-27 04:52:01,2.13,42.19,16.51,2021-09-27,KEMP_IMG_DATA_1.png,0,0
18728,8,2021-09-27 05:05:28,2.06,43.35,19.65,2021-09-27,KEMP_IMG_DATA_1.png,0,0
18770,9,2021-09-27 05:09:19,1.99,43.06,18.42,2021-09-27,KEMP_IMG_DATA_100.png,0,0
18962,11,2021-09-27 05:26:01,1.99,43.59,19.1,2021-09-27,KEMP_IMG_DATA_100.png,0,0
18972,11,2021-09-27 05:26:51,2.02,41.98,18.9,2021-09-27,KEMP_IMG_DATA_1.png,0,0
18996,12,2021-09-27 05:29:12,2.16,41.61,18.81,2021-09-27,KEMP_IMG_DATA_100.png,0,0
18999,12,2021-09-27 05:29:27,2.01,41.95,17.12,2021-09-27,KEMP_IMG_DATA_1.png,0,0
19058,13,2021-09-27 05:34:43,1.98,41.86,15.24,2021-09-27,KEMP_IMG_DATA_100.png,0,0
19096,13,2021-09-27 05:37:54,2.02,44.31,16.14,2021-09-27,KEMP_IMG_DATA_100.png,0,0
19149,14,2021-09-27 05:42:41,1.84,41.08,17.82,2021-09-27,KEMP_IMG_DATA_1.png,0,0
19479,19,2021-09-27 06:11:56,2.02,44.93,16.92,2021-09-27,KEMP_IMG_DATA_100.png,0,0
19556,20,2021-09-27 06:18:42,2.01,43.35,17.29,2021-09-27,KEMP_IMG_DATA_100.png,0,0
20046,5,2021-09-28 04:54:11,2.07,44.77,17.62,2021-09-28,KEMP_IMG_DATA_100.png,0,0
20055,5,2021-09-28 04:54:56,2.13,41.62,12.89,2021-09-28,KEMP_IMG_DATA_1.png,0,0
20063,5,2021-09-28 04:55:36,2.13,40.66,17.01,2021-09-28,KEMP_IMG_DATA_100.png,0,0
20123,6,2021-09-28 05:00:58,1.93,43.19,15.58,2021-09-28,KEMP_IMG_DATA_1.png,0,0
20125,6,2021-09-28 05:01:08,2.17,43.23,19.56,2021-09-28,KEMP_IMG_DATA_1.png,0,0
20276,8,2021-09-28 05:14:26,2.17,44.62,19.28,2021-09-28,KEMP_IMG_DATA_1.png,0,0
20356,10,2021-09-28 05:21:51,1.88,43.43,18.04,2021-09-28,KEMP_IMG_DATA_100.png,0,0
20377,10,2021-09-28 05:23:36,2.13,43.13,15.79,2021-09-28,KEMP_IMG_DATA_1.png,0,0
20407,10,2021-09-28 05:26:06,1.88,41.58,19.04,2021-09-28,KEMP_IMG_DATA_100.png,0,0
20461,11,2021-09-28 05:30:59,1.9,41.24,16.68,2021-09-28,KEMP_IMG_DATA_1.png,0,0
20471,11,2021-09-28 05:31:49,1.82,44.37,19.11,2021-09-28,KEMP_IMG_DATA_100.png,0,0
20490,11,2021-09-28 05:33:24,2.02,40.08,16.03,2021-09-28,KEMP_IMG_DATA_100.png,0,0
20514,12,2021-09-28 05:35:47,1.88,43.0,16.36,2021-09-28,KEMP_IMG_DATA_100.png,0,0
20572,13,2021-09-28 05:40:59,2.01,43.18,19.53,2021-09-28,KEMP_IMG_DATA_100.png,0,0
20918,18,2021-09-28 06:11:39,1.88,36.94,13.5,2021-09-28,KEMP_IMG_DATA_1.png,0,0
20996,19,2021-09-28 06:18:31,1.97,43.56,16.88,2021-09-28,KEMP_IMG_DATA_100.png,0,0
21234,22,2021-09-28 06:39:25,1.87,44.21,19.51,2021-09-28,KEMP_IMG_DATA_100.png,0,0
21392,3,2021-09-29 04:40:17,1.81,40.35,19.68,2021-09-29,KEMP_IMG_DATA_100.png,0,0
21420,3,2021-09-29 04:42:37,2.15,40.31,18.86,2021-09-29,KEMP_IMG_DATA_1.png,0,0
21434,3,2021-09-29 04:43:47,2.15,43.74,17.21,2021-09-29,KEMP_IMG_DATA_100.png,0,0
21591,5,2021-09-29 04:57:36,2.06,43.98,17.46,2021-09-29,KEMP_IMG_DATA_1.png,0,0
21601,6,2021-09-29 04:58:47,1.98,40.44,19.06,2021-09-29,KEMP_IMG_DATA_100.png,0,0
21699,7,2021-09-29 05:07:20,1.81,42.77,17.59,2021-09-29,KEMP_IMG_DATA_100.png,0,0
21828,9,2021-09-29 05:18:48,1.88,40.06,16.38,2021-09-29,KEMP_IMG_DATA_100.png,0,0
21831,9,2021-09-29 05:19:03,2.11,43.89,16.48,2021-09-29,KEMP_IMG_DATA_1.png,0,0
21911,10,2021-09-29 05:26:06,1.93,44.72,15.11,2021-09-29,KEMP_IMG_DATA_1.png,0,0
22058,12,2021-09-29 05:39:04,1.88,41.94,19.89,2021-09-29,KEMP_IMG_DATA_1.png,0,0
22253,15,2021-09-29 05:56:25,2.17,42.86,15.81,2021-09-29,KEMP_IMG_DATA_100.png,0,0
22299,16,2021-09-29 06:00:36,1.93,43.85,16.56,2021-09-29,KEMP_IMG_DATA_100.png,0,0
22336,16,2021-09-29 06:03:41,2.17,41.72,17.39,2021-09-29,KEMP_IMG_DATA_100.png,0,0
22383,17,2021-09-29 06:07:58,2.07,41.07,18.45,2021-09-29,KEMP_IMG_DATA_1.png,0,0
22395,17,2021-09-29 06:08:58,2.13,43.34,15.13,2021-09-29,KEMP_IMG_DATA_1.png,0,0
22559,19,2021-09-29 06:23:22,1.87,41.56,19.08,2021-09-29,KEMP_IMG_DATA_100.png,0,0
23075,5,2021-09-30 04:51:58,2.12,44.27,16.81,2021-09-30,KEMP_IMG_DATA_1.png,0,0
23085,5,2021-09-30 04:52:48,2.15,41.86,18.25,2021-09-30,KEMP_IMG_DATA_100.png,0,0
23201,7,2021-09-30 05:03:10,2.12,44.24,15.62,2021-09-30,KEMP_IMG_DATA_1.png,0,0
23275,8,2021-09-30 05:09:42,2.05,40.84,15.01,2021-09-30,KEMP_IMG_DATA_100.png,0,0
23455,10,2021-09-30 05:25:24,1.92,43.07,17.37,2021-09-30,KEMP_IMG_DATA_1.png,0,0
23463,11,2021-09-30 05:26:25,1.9,41.09,15.23,2021-09-30,KEMP_IMG_DATA_100.png,0,0
23879,17,2021-09-30 06:03:15,2.15,44.31,18.29,2021-09-30,KEMP_IMG_DATA_100.png,0,0
24094,20,2021-09-30 06:22:15,1.99,41.99,18.17,2021-09-30,KEMP_IMG_DATA_1.png,0,0
24158,21,2021-09-30 06:27:57,1.89,42.03,19.17,2021-09-30,KEMP_IMG_DATA_100.png,0,0
24339,1,2021-10-01 04:25:33,1.85,41.02,17.64,2021-10-01,KEMP_IMG_DATA_1.png,0,0
24644,6,2021-10-01 04:52:48,1.81,44.54,18.92,2021-10-01,KEMP_IMG_DATA_100.png,0,0
24708,7,2021-10-01 04:58:30,2.13,41.49,17.7,2021-10-01,KEMP_IMG_DATA_100.png,0,0
24793,8,2021-10-01 05:05:57,2.08,43.71,17.82,2021-10-01,KEMP_IMG_DATA_1.png,0,0
24804,8,2021-10-01 05:06:52,2.01,41.26,15.36,2021-10-01,KEMP_IMG_DATA_100.png,0,0
24885,9,2021-10-01 05:14:00,2.15,41.05,17.73,2021-10-01,KEMP_IMG_DATA_1.png,0,0
25012,11,2021-10-01 05:25:17,2.01,44.8,17.44,2021-10-01,KEMP_IMG_DATA_100.png,0,0
25058,12,2021-10-01 05:29:28,2.03,42.44,15.87,2021-10-01,KEMP_IMG_DATA_1.png,0,0
25101,12,2021-10-01 05:33:03,1.88,41.3,17.1,2021-10-01,KEMP_IMG_DATA_1.png,0,0
25137,13,2021-10-01 05:36:25,2.18,41.39,15.12,2021-10-01,KEMP_IMG_DATA_100.png,0,0
25147,13,2021-10-01 05:37:15,1.95,42.56,17.43,2021-10-01,KEMP_IMG_DATA_1.png,0,0
25162,13,2021-10-01 05:38:30,2.03,40.81,15.23,2021-10-01,KEMP_IMG_DATA_1.png,0,0
25198,14,2021-10-01 05:41:51,2.11,41.52,17.59,2021-10-01,KEMP_IMG_DATA_1.png,0,0
25257,15,2021-10-01 05:47:08,2.14,41.46,15.75,2021-10-01,KEMP_IMG_DATA_100.png,0,0
25266,15,2021-10-01 05:47:53,1.89,41.68,16.38,2021-10-01,KEMP_IMG_DATA_100.png,0,0
25285,15,2021-10-01 05:49:28,2.12,43.55,19.33,2021-10-01,KEMP_IMG_DATA_1.png,0,0
25379,16,2021-10-01 05:57:40,2.14,41.6,17.01,2021-10-01,KEMP_IMG_DATA_1.png,0,0
25488,18,2021-10-01 06:07:30,2.18,42.55,17.29,2021-10-01,KEMP_IMG_DATA_1.png,0,0
25499,18,2021-10-01 06:08:25,1.88,41.08,16.19,2021-10-01,KEMP_IMG_DATA_1.png,0,0
25772,22,2021-10-01 06:32:38,1.86,43.8,18.85,2021-10-01,KEMP_IMG_DATA_100.png,0,0
25778,22,2021-10-01 06:33:08,2.16,44.02,15.76,2021-10-01,KEMP_IMG_DATA_1.png,0,0
25832,1,2021-10-05 04:24:45,2.02,42.71,16.54,2021-10-05,KEMP_IMG_DATA_100.png,0,0
25985,3,2021-10-05 04:38:16,2.06,41.29,17.55,2021-10-05,KEMP_IMG_DATA_1.png,0,0
26049,4,2021-10-05 04:43:57,2.16,43.88,15.87,2021-10-05,KEMP_IMG_DATA_1.png,0,0
26237,7,2021-10-05 05:00:41,1.99,43.88,19.97,2021-10-05,KEMP_IMG_DATA_1.png,0,0
26392,9,2021-10-05 05:14:22,1.97,44.73,15.77,2021-10-05,KEMP_IMG_DATA_1.png,0,0
26399,9,2021-10-05 05:14:57,2.14,42.06,16.03,2021-10-05,KEMP_IMG_DATA_1.png,0,0
26439,10,2021-10-05 05:18:37,2.07,40.34,18.36,2021-10-05,KEMP_IMG_DATA_100.png,0,0
26811,15,2021-10-05 05:51:27,2.13,44.34,17.49,2021-10-05,KEMP_IMG_DATA_100.png,0,0
26860,16,2021-10-05 05:55:55,2.06,40.93,18.38,2021-10-05,KEMP_IMG_DATA_1.png,0,0
26871,16,2021-10-05 05:56:50,2.13,44.79,17.85,2021-10-05,KEMP_IMG_DATA_1.png,0,0
26947,17,2021-10-05 06:03:32,2.11,42.17,19.04,2021-10-05,KEMP_IMG_DATA_100.png,0,0
27054,19,2021-10-05 06:13:12,2.04,44.42,19.03,2021-10-05,KEMP_IMG_DATA_100.png,0,0
27167,20,2021-10-05 06:22:59,1.9,40.88,15.35,2021-10-05,KEMP_IMG_DATA_1.png,0,0
27270,22,2021-10-05 06:32:19,1.89,42.8,19.14,2021-10-05,KEMP_IMG_DATA_100.png,0,0
27426,2,2021-10-06 04:31:08,1.9,40.08,19.38,2021-10-06,KEMP_IMG_DATA_1.png,0,0
27449,2,2021-10-06 04:33:03,2.02,43.66,15.51,2021-10-06,KEMP_IMG_DATA_100.png,0,0
27506,3,2021-10-06 04:38:10,1.88,42.84,18.53,2021-10-06,KEMP_IMG_DATA_1.png,0,0
27551,4,2021-10-06 04:42:16,1.89,43.87,19.57,2021-10-06,KEMP_IMG_DATA_100.png,0,0
27574,4,2021-10-06 04:44:12,2.19,40.22,16.79,2021-10-06,KEMP_IMG_DATA_100.png,0,0
27613,5,2021-10-06 04:47:49,1.83,44.19,15.12,2021-10-06,KEMP_IMG_DATA_1.png,0,0
27639,5,2021-10-06 04:49:59,1.81,40.87,18.44,2021-10-06,KEMP_IMG_DATA_100.png,0,0
27831,8,2021-10-06 05:07:03,2.11,41.74,15.83,2021-10-06,KEMP_IMG_DATA_100.png,0,0
27841,8,2021-10-06 05:07:53,2.14,44.96,18.56,2021-10-06,KEMP_IMG_DATA_1.png,0,0
27887,9,2021-10-06 05:12:04,2.15,40.41,17.8,2021-10-06,KEMP_IMG_DATA_1.png,0,0
28009,10,2021-10-06 05:22:37,2.07,44.23,16.58,2021-10-06,KEMP_IMG_DATA_100.png,0,0
28026,11,2021-10-06 05:24:24,2.0,43.87,18.01,2021-10-06,KEMP_IMG_DATA_100.png,0,0
28034,11,2021-10-06 05:25:04,1.88,44.26,18.5,2021-10-06,KEMP_IMG_DATA_100.png,0,0
28036,11,2021-10-06 05:25:14,1.92,41.64,18.64,2021-10-06,KEMP_IMG_DATA_1.png,0,0
28178,13,2021-10-06 05:37:49,2.07,40.42,17.27,2021-10-06,KEMP_IMG_DATA_100.png,0,0
28248,14,2021-10-06 05:44:02,1.82,40.84,15.82,2021-10-06,KEMP_IMG_DATA_1.png,0,0
28309,15,2021-10-06 05:49:30,2.11,40.08,16.6,2021-10-06,KEMP_IMG_DATA_1.png,0,0
28339,15,2021-10-06 05:52:00,2.14,42.27,19.71,2021-10-06,KEMP_IMG_DATA_100.png,0,0
28511,18,2021-10-06 06:07:26,2.17,40.25,17.52,2021-10-06,KEMP_IMG_DATA_100.png,0,0
28782,22,2021-10-06 06:31:29,2.08,44.15,19.51,2021-10-06,KEMP_IMG_DATA_1.png,0,0
28913,2,2021-10-07 04:26:18,1.91,42.1,16.2,2021-10-07,KEMP_IMG_DATA_1.png,0,0
29000,3,2021-10-07 04:33:57,1.84,42.53,17.95,2021-10-07,KEMP_IMG_DATA_1.png,0,0
29043,3,2021-10-07 04:37:32,1.93,41.75,15.8,2021-10-07,KEMP_IMG_DATA_100.png,0,0
29104,4,2021-10-07 04:43:00,2.15,41.08,16.32,2021-10-07,KEMP_IMG_DATA_100.png,0,0
29130,5,2021-10-07 04:45:33,1.89,40.99,18.35,2021-10-07,KEMP_IMG_DATA_1.png,0,0
29242,6,2021-10-07 04:55:13,2.0,41.65,15.74,2021-10-07,KEMP_IMG_DATA_100.png,0,0
29320,7,2021-10-07 05:02:06,2.13,42.83,18.96,2021-10-07,KEMP_IMG_DATA_100.png,0,0
29332,8,2021-10-07 05:03:27,2.03,41.31,16.91,2021-10-07,KEMP_IMG_DATA_100.png,0,0
29714,13,2021-10-07 05:37:08,2.0,43.59,18.22,2021-10-07,KEMP_IMG_DATA_1.png,0,0
29843,15,2021-10-07 05:48:38,1.83,42.62,16.08,2021-10-07,KEMP_IMG_DATA_100.png,0,0
29889,16,2021-10-07 05:52:50,2.0,43.1,16.18,2021-10-07,KEMP_IMG_DATA_1.png,0,0
30012,17,2021-10-07 06:03:27,2.12,42.62,19.84,2021-10-07,KEMP_IMG_DATA_100.png,0,0
30067,18,2021-10-07 06:08:23,1.89,41.37,15.08,2021-10-07,KEMP_IMG_DATA_100.png,0,0
30080,18,2021-10-07 06:09:28,1.86,42.38,19.06,2021-10-07,KEMP_IMG_DATA_1.png,0,0
30489,2,2021-10-08 04:31:37,1.85,42.57,15.34,2021-10-08,KEMP_IMG_DATA_1.png,0,0
30724,6,2021-10-08 04:52:41,2.07,42.62,16.54,2021-10-08,KEMP_IMG_DATA_100.png,0,0
30838,7,2021-10-08 05:02:33,2.04,40.47,18.97,2021-10-08,KEMP_IMG_DATA_1.png,0,0
30858,8,2021-10-08 05:04:34,2.14,42.77,19.02,2021-10-08,KEMP_IMG_DATA_1.png,0,0
30885,8,2021-10-08 05:06:50,2.04,42.13,18.72,2021-10-08,KEMP_IMG_DATA_1.png,0,0
30945,9,2021-10-08 05:12:11,1.96,43.55,19.71,2021-10-08,KEMP_IMG_DATA_100.png,0,0
30999,10,2021-10-08 05:17:03,1.97,42.25,19.89,2021-10-08,KEMP_IMG_DATA_100.png,0,0
31085,11,2021-10-08 05:24:35,2.11,40.22,17.0,2021-10-08,KEMP_IMG_DATA_100.png,0,0
31124,12,2021-10-08 05:28:11,1.97,40.85,19.2,2021-10-08,KEMP_IMG_DATA_1.png,0,0
31206,13,2021-10-08 05:35:24,1.95,41.57,18.64,2021-10-08,KEMP_IMG_DATA_1.png,0,0
31230,13,2021-10-08 05:37:24,2.05,43.58,17.12,2021-10-08,KEMP_IMG_DATA_1.png,0,0
31296,14,2021-10-08 05:43:15,1.91,43.42,18.64,2021-10-08,KEMP_IMG_DATA_100.png,0,0
31492,17,2021-10-08 06:00:42,1.96,44.19,15.54,2021-10-08,KEMP_IMG_DATA_100.png,0,0
31647,19,2021-10-08 06:14:19,2.05,42.75,19.42,2021-10-08,KEMP_IMG_DATA_1.png,0,0
31918,1,2021-10-12 04:28:25,2.42,44.01,19.64,2021-10-12,KEMP_IMG_DATA_100.png,0,0
31966,2,2021-10-12 04:32:47,2.18,41.83,15.14,2021-10-12,KEMP_IMG_DATA_1.png,0,0
32120,4,2021-10-12 04:46:22,1.9,43.04,18.48,2021-10-12,KEMP_IMG_DATA_100.png,0,0
32232,6,2021-10-12 04:56:24,1.93,41.37,16.77,2021-10-12,KEMP_IMG_DATA_1.png,0,0
32591,11,2021-10-12 05:28:06,2.11,42.08,17.0,2021-10-12,KEMP_IMG_DATA_100.png,0,0
32617,11,2021-10-12 05:30:16,2.06,40.17,18.35,2021-10-12,KEMP_IMG_DATA_100.png,0,0
32797,14,2021-10-12 05:46:23,1.94,40.71,17.11,2021-10-12,KEMP_IMG_DATA_100.png,0,0
32871,15,2021-10-12 05:52:54,2.06,44.91,18.18,2021-10-12,KEMP_IMG_DATA_1.png,0,0
32937,16,2021-10-12 05:58:45,2.01,42.64,15.24,2021-10-12,KEMP_IMG_DATA_100.png,0,0
33080,18,2021-10-12 06:11:24,2.11,40.97,19.04,2021-10-12,KEMP_IMG_DATA_1.png,0,0
33156,19,2021-10-12 06:18:08,1.93,42.76,15.82,2021-10-12,KEMP_IMG_DATA_1.png,0,0
33244,20,2021-10-12 06:25:51,1.85,42.6,17.0,2021-10-12,KEMP_IMG_DATA_1.png,0,0
33352,22,2021-10-12 06:35:31,1.98,42.31,19.61,2021-10-12,KEMP_IMG_DATA_1.png,0,0
33452,1,2021-10-13 04:29:08,2.13,42.79,16.7,2021-10-13,KEMP_IMG_DATA_100.png,0,0
33513,2,2021-10-13 04:34:35,1.99,40.63,17.99,2021-10-13,KEMP_IMG_DATA_1.png,0,0
33532,2,2021-10-13 04:36:10,1.92,40.83,15.31,2021-10-13,KEMP_IMG_DATA_1.png,0,0
33615,4,2021-10-13 04:43:50,2.07,44.8,18.17,2021-10-13,KEMP_IMG_DATA_1.png,0,0
34036,10,2021-10-13 05:21:03,2.42,36.86,18.57,2021-10-13,KEMP_IMG_DATA_1.png,0,0
34268,13,2021-10-13 05:41:29,2.09,41.44,15.95,2021-10-13,KEMP_IMG_DATA_1.png,0,0
34372,15,2021-10-13 05:50:51,1.87,40.03,15.86,2021-10-13,KEMP_IMG_DATA_100.png,0,0
34452,16,2021-10-13 05:57:54,1.83,44.65,19.2,2021-10-13,KEMP_IMG_DATA_100.png,0,0
34467,16,2021-10-13 05:59:09,1.88,41.38,19.53,2021-10-13,KEMP_IMG_DATA_100.png,0,0
34481,16,2021-10-13 06:00:19,2.19,40.17,17.4,2021-10-13,KEMP_IMG_DATA_100.png,0,0
34537,17,2021-10-13 06:05:21,2.18,42.4,19.81,2021-10-13,KEMP_IMG_DATA_100.png,0,0
34724,20,2021-10-13 06:22:01,2.03,41.72,18.82,2021-10-13,KEMP_IMG_DATA_1.png,0,0
34758,20,2021-10-13 06:24:52,1.95,43.28,15.85,2021-10-13,KEMP_IMG_DATA_100.png,0,0
34810,21,2021-10-13 06:29:33,1.97,44.91,19.29,2021-10-13,KEMP_IMG_DATA_100.png,0,0
34946,1,2021-10-14 04:23:15,2.15,42.3,19.08,2021-10-14,KEMP_IMG_DATA_100.png,0,0
34952,1,2021-10-14 04:23:45,2.01,43.4,16.49,2021-10-14,KEMP_IMG_DATA_1.png,0,0
34968,1,2021-10-14 04:25:05,2.14,40.91,17.93,2021-10-14,KEMP_IMG_DATA_1.png,0,0
35125,4,2021-10-14 04:39:14,2.18,42.34,17.52,2021-10-14,KEMP_IMG_DATA_100.png,0,0
35159,4,2021-10-14 04:42:04,2.09,41.56,18.24,2021-10-14,KEMP_IMG_DATA_100.png,0,0
35161,4,2021-10-14 04:42:14,2.05,44.01,16.38,2021-10-14,KEMP_IMG_DATA_1.png,0,0
35270,6,2021-10-14 04:52:05,1.99,43.54,19.91,2021-10-14,KEMP_IMG_DATA_100.png,0,0
35277,6,2021-10-14 04:52:40,2.18,44.32,18.33,2021-10-14,KEMP_IMG_DATA_100.png,0,0
35310,6,2021-10-14 04:55:25,1.84,42.02,18.68,2021-10-14,KEMP_IMG_DATA_1.png,0,0
35366,7,2021-10-14 05:00:26,2.06,40.97,17.66,2021-10-14,KEMP_IMG_DATA_100.png,0,0
35486,9,2021-10-14 05:11:12,1.9,44.34,19.98,2021-10-14,KEMP_IMG_DATA_1.png,0,0
35571,10,2021-10-14 05:18:40,1.85,43.2,15.33,2021-10-14,KEMP_IMG_DATA_1.png,0,0
35578,10,2021-10-14 05:19:15,2.17,40.33,17.06,2021-10-14,KEMP_IMG_DATA_100.png,0,0
35613,11,2021-10-14 05:22:32,1.9,40.92,16.15,2021-10-14,KEMP_IMG_DATA_100.png,0,0
35737,12,2021-10-14 05:33:16,1.95,44.26,15.92,2021-10-14,KEMP_IMG_DATA_100.png,0,0
36361,21,2021-10-14 06:28:32,2.01,40.04,16.55,2021-10-14,KEMP_IMG_DATA_100.png,0,0
36471,1,2021-10-15 04:28:41,1.87,40.4,18.48,2021-10-15,KEMP_IMG_DATA_1.png,0,0
36515,2,2021-10-15 04:32:42,2.16,41.91,15.11,2021-10-15,KEMP_IMG_DATA_1.png,0,0
36547,2,2021-10-15 04:35:22,2.26,36.72,19.17,2021-10-15,KEMP_IMG_DATA_100.png,0,0
36592,3,2021-10-15 04:39:29,2.16,42.65,16.06,2021-10-15,KEMP_IMG_DATA_100.png,0,0
36629,3,2021-10-15 04:42:34,1.87,44.62,15.1,2021-10-15,KEMP_IMG_DATA_1.png,0,0
36790,6,2021-10-15 04:57:05,2.06,42.22,16.22,2021-10-15,KEMP_IMG_DATA_1.png,0,0
36797,6,2021-10-15 04:57:40,1.96,43.68,11.05,2021-10-15,KEMP_IMG_DATA_100.png,0,0
36873,7,2021-10-15 05:04:21,2.06,40.94,18.51,2021-10-15,KEMP_IMG_DATA_100.png,0,0
36990,9,2021-10-15 05:14:49,2.01,42.97,15.45,2021-10-15,KEMP_IMG_DATA_1.png,0,0
37072,10,2021-10-15 05:22:02,1.86,40.18,15.57,2021-10-15,KEMP_IMG_DATA_100.png,0,0
37313,13,2021-10-15 05:43:14,2.14,40.02,17.7,2021-10-15,KEMP_IMG_DATA_100.png,0,0
37391,14,2021-10-15 05:50:07,1.85,42.31,19.95,2021-10-15,KEMP_IMG_DATA_100.png,0,0
37480,16,2021-10-15 05:58:16,2.11,43.34,18.0,2021-10-15,KEMP_IMG_DATA_100.png,0,0
37557,17,2021-10-15 06:05:04,2.18,41.0,15.99,2021-10-15,KEMP_IMG_DATA_100.png,0,0
37590,17,2021-10-15 06:07:49,2.08,40.89,18.43,2021-10-15,KEMP_IMG_DATA_1.png,0,0
37610,18,2021-10-15 06:09:52,1.91,40.73,19.74,2021-10-15,KEMP_IMG_DATA_100.png,0,0
37624,18,2021-10-15 06:11:02,2.08,44.58,18.13,2021-10-15,KEMP_IMG_DATA_1.png,0,0
37669,18,2021-10-15 06:14:47,2.09,43.64,18.61,2021-10-15,KEMP_IMG_DATA_1.png,0,0
37689,19,2021-10-15 06:16:50,2.07,41.56,17.12,2021-10-15,KEMP_IMG_DATA_100.png,0,0
37749,20,2021-10-15 06:22:11,2.18,42.71,19.09,2021-10-15,KEMP_IMG_DATA_1.png,0,0
37770,20,2021-10-15 06:23:57,2.12,41.02,19.37,2021-10-15,KEMP_IMG_DATA_1.png,0,0
38021,2,2021-10-18 04:35:07,2.16,40.91,15.33,2021-10-18,KEMP_IMG_DATA_100.png,0,0
38084,2,2021-10-18 04:40:22,1.93,40.5,16.89,2021-10-18,KEMP_IMG_DATA_1.png,0,0
38135,3,2021-10-18 04:44:58,2.06,44.76,15.19,2021-10-18,KEMP_IMG_DATA_100.png,0,0
38358,6,2021-10-18 05:04:40,2.35,42.29,17.53,2021-10-18,KEMP_IMG_DATA_1.png,0,0
38390,7,2021-10-18 05:07:41,2.01,41.46,16.12,2021-10-18,KEMP_IMG_DATA_100.png,0,0
38520,9,2021-10-18 05:19:13,1.85,43.84,15.52,2021-10-18,KEMP_IMG_DATA_1.png,0,0
38524,9,2021-10-18 05:19:33,2.15,44.4,15.7,2021-10-18,KEMP_IMG_DATA_1.png,0,0
38581,10,2021-10-18 05:24:39,2.19,40.9,18.07,2021-10-18,KEMP_IMG_DATA_1.png,0,0
38628,10,2021-10-18 05:28:34,1.94,41.02,19.98,2021-10-18,KEMP_IMG_DATA_1.png,0,0
38727,12,2021-10-18 05:37:32,2.12,43.55,18.92,2021-10-18,KEMP_IMG_DATA_100.png,0,0
38874,14,2021-10-18 05:50:33,2.1,44.45,16.89,2021-10-18,KEMP_IMG_DATA_100.png,0,0
39248,19,2021-10-18 06:23:35,2.04,44.47,17.41,2021-10-18,KEMP_IMG_DATA_1.png,0,0
39438,22,2021-10-18 06:40:31,2.03,44.17,18.55,2021-10-18,KEMP_IMG_DATA_100.png,0,0
39439,22,2021-10-18 06:40:36,1.9,43.56,18.76,2021-10-18,KEMP_IMG_DATA_1.png,0,0
39533,1,2021-10-19 04:26:40,1.89,44.03,17.55,2021-10-19,KEMP_IMG_DATA_1.png,0,0
39565,2,2021-10-19 04:29:40,2.13,40.66,18.46,2021-10-19,KEMP_IMG_DATA_100.png,0,0
39663,3,2021-10-19 04:38:12,1.95,40.86,16.92,2021-10-19,KEMP_IMG_DATA_1.png,0,0
39750,5,2021-10-19 04:46:11,2.08,43.63,17.26,2021-10-19,KEMP_IMG_DATA_1.png,0,0
39949,7,2021-10-19 05:03:32,2.08,43.45,18.35,2021-10-19,KEMP_IMG_DATA_100.png,0,0
40015,8,2021-10-19 05:09:24,2.03,43.83,17.31,2021-10-19,KEMP_IMG_DATA_100.png,0,0
40059,9,2021-10-19 05:13:24,2.16,41.52,19.57,2021-10-19,KEMP_IMG_DATA_100.png,0,0
40097,10,2021-10-19 05:16:55,2.13,41.62,15.95,2021-10-19,KEMP_IMG_DATA_100.png,0,0
40135,10,2021-10-19 05:20:05,2.18,44.09,18.95,2021-10-19,KEMP_IMG_DATA_1.png,0,0
40141,10,2021-10-19 05:20:35,2.17,42.14,18.25,2021-10-19,KEMP_IMG_DATA_100.png,0,0
40160,11,2021-10-19 05:22:32,1.96,43.25,19.92,2021-10-19,KEMP_IMG_DATA_100.png,0,0
40209,11,2021-10-19 05:26:37,1.94,43.99,18.37,2021-10-19,KEMP_IMG_DATA_100.png,0,0
40253,12,2021-10-19 05:30:39,2.02,41.39,19.69,2021-10-19,KEMP_IMG_DATA_100.png,0,0
40254,12,2021-10-19 05:30:44,1.98,40.57,15.32,2021-10-19,KEMP_IMG_DATA_100.png,0,0
40286,12,2021-10-19 05:33:24,2.27,40.03,17.67,2021-10-19,KEMP_IMG_DATA_100.png,0,0
40339,13,2021-10-19 05:38:10,2.0,42.82,16.75,2021-10-19,KEMP_IMG_DATA_100.png,0,0
40373,14,2021-10-19 05:41:21,1.83,40.74,16.93,2021-10-19,KEMP_IMG_DATA_1.png,0,0
40470,15,2021-10-19 05:49:48,2.19,42.5,17.94,2021-10-19,KEMP_IMG_DATA_1.png,0,0
40599,17,2021-10-19 06:01:18,2.12,40.67,17.44,2021-10-19,KEMP_IMG_DATA_1.png,0,0
40648,18,2021-10-19 06:05:44,2.07,41.96,17.05,2021-10-19,KEMP_IMG_DATA_1.png,0,0
40675,18,2021-10-19 06:07:59,2.19,43.15,18.67,2021-10-19,KEMP_IMG_DATA_100.png,0,0
40701,18,2021-10-19 06:10:09,1.83,44.53,15.28,2021-10-19,KEMP_IMG_DATA_1.png,0,0
40730,19,2021-10-19 06:12:56,2.08,41.43,17.59,2021-10-19,KEMP_IMG_DATA_100.png,0,0
40898,21,2021-10-19 06:27:40,1.88,42.8,17.35,2021-10-19,KEMP_IMG_DATA_1.png,0,0
40903,21,2021-10-19 06:28:05,1.91,42.37,17.61,2021-10-19,KEMP_IMG_DATA_100.png,0,0
40971,22,2021-10-19 06:34:08,1.96,41.92,17.96,2021-10-19,KEMP_IMG_DATA_1.png,0,0
40984,22,2021-10-19 06:35:13,1.91,41.43,18.57,2021-10-19,KEMP_IMG_DATA_100.png,0,0
41094,2,2021-10-20 04:37:32,1.82,40.74,17.38,2021-10-20,KEMP_IMG_DATA_1.png,0,0
41136,3,2021-10-20 04:41:22,2.02,44.3,19.98,2021-10-20,KEMP_IMG_DATA_1.png,0,0
41139,3,2021-10-20 04:41:37,2.16,40.82,18.44,2021-10-20,KEMP_IMG_DATA_100.png,0,0
41321,5,2021-10-20 04:57:31,1.96,40.66,17.26,2021-10-20,KEMP_IMG_DATA_1.png,0,0
41322,5,2021-10-20 04:57:36,2.18,41.71,18.16,2021-10-20,KEMP_IMG_DATA_1.png,0,0
41365,6,2021-10-20 05:01:32,2.12,42.58,18.18,2021-10-20,KEMP_IMG_DATA_1.png,0,0
41378,6,2021-10-20 05:02:37,1.95,41.97,16.27,2021-10-20,KEMP_IMG_DATA_1.png,0,0
41396,6,2021-10-20 05:04:07,2.09,43.44,15.41,2021-10-20,KEMP_IMG_DATA_1.png,0,0
41403,7,2021-10-20 05:05:03,1.98,43.84,18.33,2021-10-20,KEMP_IMG_DATA_100.png,0,0
41468,7,2021-10-20 05:10:28,2.18,41.39,19.9,2021-10-20,KEMP_IMG_DATA_100.png,0,0
41489,8,2021-10-20 05:12:34,1.97,41.09,19.94,2021-10-20,KEMP_IMG_DATA_100.png,0,0
41531,8,2021-10-20 05:16:04,2.04,40.18,17.34,2021-10-20,KEMP_IMG_DATA_1.png,0,0
41545,9,2021-10-20 05:17:35,2.01,44.54,19.23,2021-10-20,KEMP_IMG_DATA_100.png,0,0
41989,15,2021-10-20 05:56:49,1.83,42.87,19.31,2021-10-20,KEMP_IMG_DATA_1.png,0,0
42141,17,2021-10-20 06:10:14,2.1,41.23,16.87,2021-10-20,KEMP_IMG_DATA_100.png,0,0
42490,22,2021-10-20 06:41:10,2.19,41.44,18.16,2021-10-20,KEMP_IMG_DATA_1.png,0,0
42538,1,2021-10-21 04:25:29,1.96,42.86,19.56,2021-10-21,KEMP_IMG_DATA_100.png,0,0
42577,2,2021-10-21 04:29:07,1.85,44.36,17.0,2021-10-21,KEMP_IMG_DATA_100.png,0,0
42697,3,2021-10-21 04:39:29,2.11,41.49,16.12,2021-10-21,KEMP_IMG_DATA_100.png,0,0
42741,4,2021-10-21 04:43:30,2.03,43.86,19.46,2021-10-21,KEMP_IMG_DATA_100.png,0,0
42755,4,2021-10-21 04:44:40,1.88,43.5,18.52,2021-10-21,KEMP_IMG_DATA_1.png,0,0
42819,5,2021-10-21 04:50:23,1.93,42.78,15.39,2021-10-21,KEMP_IMG_DATA_100.png,0,0
43307,12,2021-10-21 05:33:37,1.82,44.54,19.39,2021-10-21,KEMP_IMG_DATA_1.png,0,0
43360,13,2021-10-21 05:38:23,1.82,44.89,15.66,2021-10-21,KEMP_IMG_DATA_100.png,0,0
43368,13,2021-10-21 05:39:03,2.07,42.15,19.47,2021-10-21,KEMP_IMG_DATA_100.png,0,0
43523,15,2021-10-21 05:52:42,1.95,43.18,16.66,2021-10-21,KEMP_IMG_DATA_1.png,0,0
43690,18,2021-10-21 06:07:42,2.03,41.08,19.79,2021-10-21,KEMP_IMG_DATA_100.png,0,0
43728,18,2021-10-21 06:10:52,1.96,42.67,18.68,2021-10-21,KEMP_IMG_DATA_1.png,0,0
43797,19,2021-10-21 06:17:00,1.87,42.06,18.54,2021-10-21,KEMP_IMG_DATA_1.png,0,0
43840,20,2021-10-21 06:20:57,2.06,42.91,16.17,2021-10-21,KEMP_IMG_DATA_1.png,0,0
43965,22,2021-10-21 06:32:06,1.92,41.35,18.92,2021-10-21,KEMP_IMG_DATA_100.png,0,0
44028,1,2021-10-22 04:28:35,2.18,43.04,17.86,2021-10-22,KEMP_IMG_DATA_100.png,0,0
44076,1,2021-10-22 04:32:35,2.01,42.87,15.19,2021-10-22,KEMP_IMG_DATA_100.png,0,0
44143,2,2021-10-22 04:38:32,2.04,40.69,19.88,2021-10-22,KEMP_IMG_DATA_1.png,0,0
44233,4,2021-10-22 04:46:44,1.97,43.97,19.95,2021-10-22,KEMP_IMG_DATA_1.png,0,0
44325,5,2021-10-22 04:54:46,2.03,40.97,15.46,2021-10-22,KEMP_IMG_DATA_1.png,0,0
44329,5,2021-10-22 04:55:06,2.14,41.72,16.59,2021-10-22,KEMP_IMG_DATA_1.png,0,0
44461,7,2021-10-22 05:06:50,2.11,42.01,15.07,2021-10-22,KEMP_IMG_DATA_1.png,0,0
44490,7,2021-10-22 05:09:15,2.19,44.0,17.13,2021-10-22,KEMP_IMG_DATA_1.png,0,0
44508,8,2021-10-22 05:11:08,1.83,44.92,19.34,2021-10-22,KEMP_IMG_DATA_1.png,0,0
44846,12,2021-10-22 05:40:47,1.95,43.92,18.32,2021-10-22,KEMP_IMG_DATA_100.png,0,0
45009,15,2021-10-22 05:55:28,1.92,42.94,17.97,2021-10-22,KEMP_IMG_DATA_1.png,0,0
45056,15,2021-10-22 05:59:23,2.16,43.74,16.91,2021-10-22,KEMP_IMG_DATA_1.png,0,0
45080,16,2021-10-22 06:01:45,1.98,42.17,17.52,2021-10-22,KEMP_IMG_DATA_100.png,0,0
45086,16,2021-10-22 06:02:15,1.89,44.69,16.75,2021-10-22,KEMP_IMG_DATA_100.png,0,0
45089,16,2021-10-22 06:02:30,2.13,44.6,16.35,2021-10-22,KEMP_IMG_DATA_100.png,0,0
45182,17,2021-10-22 06:10:37,1.95,42.97,19.63,2021-10-22,KEMP_IMG_DATA_1.png,0,0
45208,18,2021-10-22 06:13:07,1.89,42.19,16.81,2021-10-22,KEMP_IMG_DATA_100.png,0,0
45252,18,2021-10-22 06:16:48,2.14,40.98,18.63,2021-10-22,KEMP_IMG_DATA_100.png,0,0
45261,18,2021-10-22 06:17:33,1.84,43.34,17.62,2021-10-22,KEMP_IMG_DATA_100.png,0,0
45294,19,2021-10-22 06:20:38,2.09,42.21,19.29,2021-10-22,KEMP_IMG_DATA_100.png,0,0
45343,20,2021-10-22 06:25:04,1.92,42.29,17.55,2021-10-22,KEMP_IMG_DATA_100.png,0,0
45362,20,2021-10-22 06:26:39,2.0,43.49,15.04,2021-10-22,KEMP_IMG_DATA_1.png,0,0
45424,21,2021-10-22 06:32:11,2.02,41.21,18.1,2021-10-22,KEMP_IMG_DATA_1.png,0,0
45448,21,2021-10-22 06:34:11,1.98,44.44,19.18,2021-10-22,KEMP_IMG_DATA_1.png,0,0
45527,22,2021-10-22 06:41:08,2.13,40.94,15.47,2021-10-22,KEMP_IMG_DATA_100.png,0,0
45529,22,2021-10-22 06:41:18,1.88,44.7,15.9,2021-10-22,KEMP_IMG_DATA_1.png,0,0
45662,2,2021-10-25 04:34:13,1.83,42.38,17.95,2021-10-25,KEMP_IMG_DATA_100.png,0,0
45915,6,2021-10-25 04:56:45,2.12,44.31,15.35,2021-10-25,KEMP_IMG_DATA_100.png,0,0
46127,9,2021-10-25 05:15:28,1.82,42.17,16.4,2021-10-25,KEMP_IMG_DATA_1.png,0,0
46360,12,2021-10-25 05:36:00,2.09,41.88,18.27,2021-10-25,KEMP_IMG_DATA_1.png,0,0
46369,13,2021-10-25 05:37:08,2.16,41.3,16.14,2021-10-25,KEMP_IMG_DATA_1.png,0,0
46466,14,2021-10-25 05:45:34,2.14,43.74,17.87,2021-10-25,KEMP_IMG_DATA_1.png,0,0
46505,14,2021-10-25 05:48:50,2.13,43.05,16.09,2021-10-25,KEMP_IMG_DATA_1.png,0,0
46554,15,2021-10-25 05:53:15,2.07,44.85,18.3,2021-10-25,KEMP_IMG_DATA_1.png,0,0
46670,17,2021-10-25 06:03:38,2.05,42.32,16.18,2021-10-25,KEMP_IMG_DATA_100.png,0,0
46937,21,2021-10-25 06:27:20,2.05,41.51,19.11,2021-10-25,KEMP_IMG_DATA_100.png,0,0
46967,21,2021-10-25 06:29:50,2.05,40.23,18.12,2021-10-25,KEMP_IMG_DATA_1.png,0,0
46969,21,2021-10-25 06:30:00,2.1,41.09,16.54,2021-10-25,KEMP_IMG_DATA_1.png,0,0
47116,1,2021-10-26 04:31:23,2.09,40.26,17.13,2021-10-26,KEMP_IMG_DATA_1.png,0,0
47180,2,2021-10-26 04:37:06,2.12,44.87,19.61,2021-10-26,KEMP_IMG_DATA_100.png,0,0
47279,4,2021-10-26 04:46:05,2.04,44.48,18.21,2021-10-26,KEMP_IMG_DATA_100.png,0,0
47280,4,2021-10-26 04:46:10,2.02,42.43,18.4,2021-10-26,KEMP_IMG_DATA_1.png,0,0
47479,7,2021-10-26 05:03:51,2.15,44.5,17.84,2021-10-26,KEMP_IMG_DATA_1.png,0,0
47547,8,2021-10-26 05:09:54,2.07,40.33,17.59,2021-10-26,KEMP_IMG_DATA_1.png,0,0
47548,8,2021-10-26 05:09:59,1.88,40.5,18.74,2021-10-26,KEMP_IMG_DATA_100.png,0,0
47738,10,2021-10-26 05:26:34,2.06,43.15,16.65,2021-10-26,KEMP_IMG_DATA_100.png,0,0
47987,14,2021-10-26 05:48:43,2.33,37.46,12.36,2021-10-26,KEMP_IMG_DATA_100.png,0,0
47992,14,2021-10-26 05:49:08,1.94,42.12,18.15,2021-10-26,KEMP_IMG_DATA_1.png,0,0
48046,15,2021-10-26 05:54:01,1.87,40.76,16.63,2021-10-26,KEMP_IMG_DATA_1.png,0,0
48146,16,2021-10-26 06:02:44,2.13,43.78,18.25,2021-10-26,KEMP_IMG_DATA_100.png,0,0
48187,17,2021-10-26 06:06:31,2.09,44.88,16.49,2021-10-26,KEMP_IMG_DATA_1.png,0,0
48214,17,2021-10-26 06:08:46,1.94,43.94,17.91,2021-10-26,KEMP_IMG_DATA_1.png,0,0
48324,19,2021-10-26 06:18:40,2.03,44.42,15.94,2021-10-26,KEMP_IMG_DATA_1.png,0,0
48331,19,2021-10-26 06:19:15,1.93,43.05,16.24,2021-10-26,KEMP_IMG_DATA_100.png,0,0
48439,21,2021-10-26 06:28:59,2.14,43.95,15.48,2021-10-26,KEMP_IMG_DATA_100.png,0,0
48560,22,2021-10-26 06:39:27,1.98,40.5,15.26,2021-10-26,KEMP_IMG_DATA_1.png,0,0
48706,2,2021-10-27 04:33:23,2.38,42.2,15.23,2021-10-27,KEMP_IMG_DATA_100.png,0,0
48861,5,2021-10-27 04:47:23,2.11,43.13,18.49,2021-10-27,KEMP_IMG_DATA_100.png,0,0
49061,8,2021-10-27 05:05:08,1.95,43.34,17.85,2021-10-27,KEMP_IMG_DATA_100.png,0,0
49178,9,2021-10-27 05:15:14,2.01,42.97,19.4,2021-10-27,KEMP_IMG_DATA_1.png,0,0
49179,9,2021-10-27 05:15:20,1.85,42.96,15.02,2021-10-27,KEMP_IMG_DATA_1.png,0,0
49334,11,2021-10-27 05:28:58,1.93,41.75,19.49,2021-10-27,KEMP_IMG_DATA_1.png,0,0
49337,12,2021-10-27 05:29:33,2.06,41.23,19.26,2021-10-27,KEMP_IMG_DATA_100.png,0,0
49467,13,2021-10-27 05:40:45,2.25,43.24,17.22,2021-10-27,KEMP_IMG_DATA_1.png,0,0
49512,14,2021-10-27 05:44:53,2.13,43.32,16.31,2021-10-27,KEMP_IMG_DATA_100.png,0,0
49540,14,2021-10-27 05:47:13,2.1,43.23,15.12,2021-10-27,KEMP_IMG_DATA_100.png,0,0
49553,15,2021-10-27 05:48:41,1.99,41.24,16.51,2021-10-27,KEMP_IMG_DATA_1.png,0,0
49562,15,2021-10-27 05:49:26,2.15,40.12,18.74,2021-10-27,KEMP_IMG_DATA_100.png,0,0
49654,16,2021-10-27 05:57:27,1.92,40.72,17.43,2021-10-27,KEMP_IMG_DATA_1.png,0,0
49867,19,2021-10-27 06:16:21,2.07,41.02,16.31,2021-10-27,KEMP_IMG_DATA_1.png,0,0
49880,19,2021-10-27 06:17:26,2.07,44.85,16.12,2021-10-27,KEMP_IMG_DATA_100.png,0,0
49884,19,2021-10-27 06:17:46,2.19,43.51,15.62,2021-10-27,KEMP_IMG_DATA_1.png,0,0
49917,20,2021-10-27 06:20:53,2.18,43.46,16.14,2021-10-27,KEMP_IMG_DATA_1.png,0,0
402,6,2021-09-06 05:05:09,1.93,41.78,16.75,2021-09-06,KEMP_IMG_DATA_101.png,0,0
624,10,2021-09-06 05:25:07,2.19,44.24,18.85,2021-09-06,KEMP_IMG_DATA_102.png,0,0
711,11,2021-09-06 05:32:45,2.13,41.91,18.56,2021-09-06,KEMP_IMG_DATA_102.png,0,0
865,13,2021-09-06 05:46:17,2.16,43.19,17.79,2021-09-06,KEMP_IMG_DATA_102.png,0,0
867,13,2021-09-06 05:46:27,1.83,42.58,13.42,2021-09-06,KEMP_IMG_DATA_101.png,0,0
1048,16,2021-09-06 06:02:39,2.0,40.29,18.89,2021-09-06,KEMP_IMG_DATA_101.png,0,0
1281,19,2021-09-06 06:23:10,1.84,42.57,15.71,2021-09-06,KEMP_IMG_DATA_101.png,0,0
1347,20,2021-09-06 06:29:01,2.05,43.99,16.57,2021-09-06,KEMP_IMG_DATA_102.png,0,0
1370,20,2021-09-06 06:30:56,1.88,44.51,19.19,2021-09-06,KEMP_IMG_DATA_102.png,0,0
1390,21,2021-09-06 06:32:58,1.87,41.04,19.36,2021-09-06,KEMP_IMG_DATA_101.png,0,0
1489,22,2021-09-06 06:41:36,1.9,44.06,15.17,2021-09-06,KEMP_IMG_DATA_101.png,0,0
1558,1,2021-09-07 04:26:46,1.81,42.14,19.01,2021-09-07,KEMP_IMG_DATA_101.png,0,0
1679,3,2021-09-07 04:37:33,2.15,44.81,17.33,2021-09-07,KEMP_IMG_DATA_102.png,0,0
1815,5,2021-09-07 04:49:36,1.94,40.69,15.42,2021-09-07,KEMP_IMG_DATA_101.png,0,0
1945,7,2021-09-07 05:01:08,2.05,41.9,18.32,2021-09-07,KEMP_IMG_DATA_101.png,0,0
1958,7,2021-09-07 05:02:13,1.83,44.29,19.56,2021-09-07,KEMP_IMG_DATA_102.png,0,0
1995,7,2021-09-07 05:05:19,2.14,43.39,16.18,2021-09-07,KEMP_IMG_DATA_102.png,0,0
2088,9,2021-09-07 05:13:47,1.98,41.85,19.05,2021-09-07,KEMP_IMG_DATA_101.png,0,0
2175,10,2021-09-07 05:21:24,1.97,44.07,15.55,2021-09-07,KEMP_IMG_DATA_102.png,0,0
2285,12,2021-09-07 05:31:18,2.17,43.2,17.55,2021-09-07,KEMP_IMG_DATA_101.png,0,0
2290,12,2021-09-07 05:31:43,2.09,40.15,17.28,2021-09-07,KEMP_IMG_DATA_102.png,0,0
2336,12,2021-09-07 05:35:33,1.87,44.88,15.35,2021-09-07,KEMP_IMG_DATA_101.png,0,0
2497,15,2021-09-07 05:50:02,1.88,43.3,15.6,2021-09-07,KEMP_IMG_DATA_101.png,0,0
2574,16,2021-09-07 05:56:49,2.03,41.14,17.97,2021-09-07,KEMP_IMG_DATA_101.png,0,0
2580,16,2021-09-07 05:57:19,1.85,43.53,15.63,2021-09-07,KEMP_IMG_DATA_101.png,0,0
2928,21,2021-09-07 06:28:09,2.09,41.06,19.72,2021-09-07,KEMP_IMG_DATA_101.png,0,0
3038,1,2021-09-08 04:26:56,1.84,42.24,17.23,2021-09-08,KEMP_IMG_DATA_102.png,0,0
3141,2,2021-09-08 04:35:54,1.9,43.5,16.3,2021-09-08,KEMP_IMG_DATA_101.png,0,0
3225,3,2021-09-08 04:43:15,1.96,42.66,18.67,2021-09-08,KEMP_IMG_DATA_102.png,0,0
3321,5,2021-09-08 04:51:58,1.88,43.7,17.85,2021-09-08,KEMP_IMG_DATA_102.png,0,0
3328,5,2021-09-08 04:52:33,1.91,42.75,16.56,2021-09-08,KEMP_IMG_DATA_101.png,0,0
3526,8,2021-09-08 05:10:07,2.0,44.66,16.55,2021-09-08,KEMP_IMG_DATA_101.png,0,0
3647,9,2021-09-08 05:20:33,2.08,43.86,15.74,2021-09-08,KEMP_IMG_DATA_101.png,0,0
3659,10,2021-09-08 05:21:56,1.98,43.46,17.02,2021-09-08,KEMP_IMG_DATA_101.png,0,0
3667,10,2021-09-08 05:22:36,2.17,40.84,18.31,2021-09-08,KEMP_IMG_DATA_102.png,0,0
3831,12,2021-09-08 05:37:01,1.86,42.18,17.09,2021-09-08,KEMP_IMG_DATA_102.png,0,0
4077,16,2021-09-08 05:59:01,2.18,41.45,17.59,2021-09-08,KEMP_IMG_DATA_102.png,0,0
4123,16,2021-09-08 06:02:51,2.1,44.79,16.21,2021-09-08,KEMP_IMG_DATA_102.png,0,0
4144,17,2021-09-08 06:04:57,1.91,43.79,16.73,2021-09-08,KEMP_IMG_DATA_102.png,0,0
4201,17,2021-09-08 06:09:43,2.04,42.96,18.16,2021-09-08,KEMP_IMG_DATA_101.png,0,0
4277,18,2021-09-08 06:16:24,1.93,43.32,19.8,2021-09-08,KEMP_IMG_DATA_101.png,0,0
4285,19,2021-09-08 06:17:25,1.98,40.59,17.73,2021-09-08,KEMP_IMG_DATA_102.png,0,0
4445,21,2021-09-08 06:31:29,1.99,41.99,15.87,2021-09-08,KEMP_IMG_DATA_101.png,0,0
4462,21,2021-09-08 06:32:54,1.91,44.59,16.23,2021-09-08,KEMP_IMG_DATA_101.png,0,0
4511,22,2021-09-08 06:37:20,2.15,40.86,15.31,2021-09-08,KEMP_IMG_DATA_101.png,0,0
4564,1,2021-09-09 04:24:32,2.07,43.05,17.93,2021-09-09,KEMP_IMG_DATA_101.png,0,0
4631,2,2021-09-09 04:30:30,1.99,42.75,18.16,2021-09-09,KEMP_IMG_DATA_101.png,0,0
4689,2,2021-09-09 04:35:20,2.14,43.93,18.4,2021-09-09,KEMP_IMG_DATA_102.png,0,0
4699,3,2021-09-09 04:36:32,2.06,43.51,17.07,2021-09-09,KEMP_IMG_DATA_102.png,0,0
4790,4,2021-09-09 04:44:29,2.03,40.84,15.19,2021-09-09,KEMP_IMG_DATA_101.png,0,0
4932,6,2021-09-09 04:57:04,1.9,41.6,15.04,2021-09-09,KEMP_IMG_DATA_101.png,0,0
5190,10,2021-09-09 05:20:02,1.98,42.14,17.33,2021-09-09,KEMP_IMG_DATA_102.png,0,0
5311,11,2021-09-09 05:30:29,2.08,44.06,17.15,2021-09-09,KEMP_IMG_DATA_102.png,0,0
5350,12,2021-09-09 05:34:05,1.98,42.23,16.2,2021-09-09,KEMP_IMG_DATA_102.png,0,0
5491,14,2021-09-09 05:46:31,1.85,44.4,16.52,2021-09-09,KEMP_IMG_DATA_101.png,0,0
5551,15,2021-09-09 05:51:53,1.81,42.16,18.22,2021-09-09,KEMP_IMG_DATA_101.png,0,0
5703,17,2021-09-09 06:05:16,2.04,41.84,19.75,2021-09-09,KEMP_IMG_DATA_101.png,0,0
5918,20,2021-09-09 06:24:18,1.85,41.87,16.79,2021-09-09,KEMP_IMG_DATA_101.png,0,0
5952,21,2021-09-09 06:27:29,1.86,41.24,18.88,2021-09-09,KEMP_IMG_DATA_102.png,0,0
6384,5,2021-09-10 04:51:24,1.91,43.44,16.64,2021-09-10,KEMP_IMG_DATA_102.png,0,0
6399,5,2021-09-10 04:52:39,2.16,42.36,19.06,2021-09-10,KEMP_IMG_DATA_102.png,0,0
6435,6,2021-09-10 04:56:01,2.12,43.64,19.84,2021-09-10,KEMP_IMG_DATA_101.png,0,0
6439,6,2021-09-10 04:56:21,2.19,44.14,18.54,2021-09-10,KEMP_IMG_DATA_102.png,0,0
6538,7,2021-09-10 05:05:00,2.14,42.22,17.02,2021-09-10,KEMP_IMG_DATA_102.png,0,0
6600,8,2021-09-10 05:10:31,2.06,41.63,15.14,2021-09-10,KEMP_IMG_DATA_101.png,0,0
6711,10,2021-09-10 05:20:30,2.02,43.51,16.42,2021-09-10,KEMP_IMG_DATA_101.png,0,0
6766,11,2021-09-10 05:25:28,1.95,41.93,16.14,2021-09-10,KEMP_IMG_DATA_102.png,0,0
6930,13,2021-09-10 05:39:54,1.98,42.7,15.62,2021-09-10,KEMP_IMG_DATA_101.png,0,0
7001,14,2021-09-10 05:46:11,1.99,41.49,17.22,2021-09-10,KEMP_IMG_DATA_102.png,0,0
7022,14,2021-09-10 05:47:56,1.95,44.55,16.98,2021-09-10,KEMP_IMG_DATA_101.png,0,0
7255,18,2021-09-10 06:08:44,2.17,41.93,19.09,2021-09-10,KEMP_IMG_DATA_102.png,0,0
7507,21,2021-09-10 06:30:49,1.86,44.31,18.44,2021-09-10,KEMP_IMG_DATA_102.png,0,0
7536,22,2021-09-10 06:33:36,2.04,43.63,15.6,2021-09-10,KEMP_IMG_DATA_102.png,0,0
7537,22,2021-09-10 06:33:41,1.95,43.28,12.89,2021-09-10,KEMP_IMG_DATA_101.png,0,0
7628,1,2021-09-13 04:31:57,2.17,41.68,16.34,2021-09-13,KEMP_IMG_DATA_102.png,0,0
7784,3,2021-09-13 04:45:41,1.9,41.51,15.04,2021-09-13,KEMP_IMG_DATA_101.png,0,0
7852,4,2021-09-13 04:51:44,2.14,41.72,19.85,2021-09-13,KEMP_IMG_DATA_102.png,0,0
7898,5,2021-09-13 04:55:56,2.47,41.38,17.12,2021-09-13,KEMP_IMG_DATA_101.png,0,0
7940,6,2021-09-13 04:59:47,2.01,42.75,19.76,2021-09-13,KEMP_IMG_DATA_102.png,0,0
7954,6,2021-09-13 05:00:57,1.86,42.53,19.07,2021-09-13,KEMP_IMG_DATA_101.png,0,0
7970,6,2021-09-13 05:02:17,2.14,41.59,16.25,2021-09-13,KEMP_IMG_DATA_101.png,0,0
8279,10,2021-09-13 05:29:32,2.01,43.19,19.82,2021-09-13,KEMP_IMG_DATA_102.png,0,0
8403,12,2021-09-13 05:40:37,2.02,44.48,19.4,2021-09-13,KEMP_IMG_DATA_101.png,0,0
8443,13,2021-09-13 05:44:20,2.09,43.18,18.68,2021-09-13,KEMP_IMG_DATA_101.png,0,0
8468,13,2021-09-13 05:46:25,2.16,42.39,18.64,2021-09-13,KEMP_IMG_DATA_102.png,0,0
8514,14,2021-09-13 05:50:35,2.18,43.37,15.46,2021-09-13,KEMP_IMG_DATA_102.png,0,0
8542,14,2021-09-13 05:52:55,2.08,43.52,18.78,2021-09-13,KEMP_IMG_DATA_102.png,0,0
8677,16,2021-09-13 06:04:55,1.86,42.6,18.4,2021-09-13,KEMP_IMG_DATA_101.png,0,0
8749,17,2021-09-13 06:11:18,2.17,41.03,17.15,2021-09-13,KEMP_IMG_DATA_101.png,0,0
8827,18,2021-09-13 06:18:10,2.01,41.2,17.26,2021-09-13,KEMP_IMG_DATA_101.png,0,0
8956,20,2021-09-13 06:29:40,1.82,41.4,17.66,2021-09-13,KEMP_IMG_DATA_102.png,0,0
9168,1,2021-09-14 04:28:46,2.17,44.12,19.82,2021-09-14,KEMP_IMG_DATA_101.png,0,0
9177,1,2021-09-14 04:29:31,2.03,41.02,18.07,2021-09-14,KEMP_IMG_DATA_102.png,0,0
9231,2,2021-09-14 04:34:23,1.81,40.82,15.53,2021-09-14,KEMP_IMG_DATA_101.png,0,0
9363,4,2021-09-14 04:46:07,1.91,44.18,17.64,2021-09-14,KEMP_IMG_DATA_102.png,0,0
9385,5,2021-09-14 04:48:17,2.05,43.32,18.56,2021-09-14,KEMP_IMG_DATA_102.png,0,0
9409,5,2021-09-14 04:50:18,1.93,42.69,18.73,2021-09-14,KEMP_IMG_DATA_102.png,0,0
9414,5,2021-09-14 04:50:43,2.08,40.15,17.87,2021-09-14,KEMP_IMG_DATA_102.png,0,0
9455,6,2021-09-14 04:54:30,1.95,44.74,17.07,2021-09-14,KEMP_IMG_DATA_102.png,0,0
9466,6,2021-09-14 04:55:25,1.98,40.69,15.89,2021-09-14,KEMP_IMG_DATA_101.png,0,0
9502,6,2021-09-14 04:58:25,1.88,44.5,17.13,2021-09-14,KEMP_IMG_DATA_101.png,0,0
9555,7,2021-09-14 05:03:11,2.03,40.62,16.28,2021-09-14,KEMP_IMG_DATA_101.png,0,0
9600,8,2021-09-14 05:07:17,2.08,41.34,15.64,2021-09-14,KEMP_IMG_DATA_102.png,0,0
9642,8,2021-09-14 05:10:48,2.08,42.93,19.94,2021-09-14,KEMP_IMG_DATA_102.png,0,0
9687,9,2021-09-14 05:14:53,2.1,42.59,16.48,2021-09-14,KEMP_IMG_DATA_101.png,0,0
9717,9,2021-09-14 05:17:23,2.18,41.14,17.63,2021-09-14,KEMP_IMG_DATA_101.png,0,0
9764,10,2021-09-14 05:21:38,1.9,40.93,19.02,2021-09-14,KEMP_IMG_DATA_102.png,0,0
9776,10,2021-09-14 05:22:39,2.18,42.49,15.09,2021-09-14,KEMP_IMG_DATA_101.png,0,0
9778,10,2021-09-14 05:22:49,2.11,42.11,16.63,2021-09-14,KEMP_IMG_DATA_101.png,0,0
9786,10,2021-09-14 05:23:29,2.04,42.0,19.74,2021-09-14,KEMP_IMG_DATA_102.png,0,0
9881,12,2021-09-14 05:32:08,2.09,40.5,19.25,2021-09-14,KEMP_IMG_DATA_101.png,0,0
9940,13,2021-09-14 05:37:24,1.98,42.96,18.35,2021-09-14,KEMP_IMG_DATA_102.png,0,0
9984,13,2021-09-14 05:41:04,2.09,44.84,17.96,2021-09-14,KEMP_IMG_DATA_102.png,0,0
10111,15,2021-09-14 05:52:23,2.05,44.68,18.08,2021-09-14,KEMP_IMG_DATA_102.png,0,0
10527,21,2021-09-14 06:29:10,1.85,44.32,15.21,2021-09-14,KEMP_IMG_DATA_102.png,0,0
10697,2,2021-09-15 04:36:03,2.13,44.19,19.1,2021-09-15,KEMP_IMG_DATA_101.png,0,0
10917,5,2021-09-15 04:55:29,1.97,43.45,16.47,2021-09-15,KEMP_IMG_DATA_102.png,0,0
10948,5,2021-09-15 04:58:04,1.99,44.73,19.65,2021-09-15,KEMP_IMG_DATA_102.png,0,0
11089,7,2021-09-15 05:10:30,2.0,44.34,15.62,2021-09-15,KEMP_IMG_DATA_101.png,0,0
11121,8,2021-09-15 05:13:31,1.98,41.12,19.06,2021-09-15,KEMP_IMG_DATA_101.png,0,0
11140,8,2021-09-15 05:15:06,2.08,42.27,18.04,2021-09-15,KEMP_IMG_DATA_102.png,0,0
11432,12,2021-09-15 05:40:55,1.91,42.54,19.76,2021-09-15,KEMP_IMG_DATA_101.png,0,0
11566,14,2021-09-15 05:52:49,1.92,44.62,15.79,2021-09-15,KEMP_IMG_DATA_102.png,0,0
11569,14,2021-09-15 05:53:04,2.06,40.55,19.82,2021-09-15,KEMP_IMG_DATA_102.png,0,0
11599,15,2021-09-15 05:55:56,1.93,43.72,16.41,2021-09-15,KEMP_IMG_DATA_101.png,0,0
11635,15,2021-09-15 05:58:56,2.13,40.22,17.86,2021-09-15,KEMP_IMG_DATA_102.png,0,0
11732,17,2021-09-15 06:07:46,1.9,43.46,15.25,2021-09-15,KEMP_IMG_DATA_102.png,0,0
11791,17,2021-09-15 06:12:41,2.02,40.08,17.92,2021-09-15,KEMP_IMG_DATA_101.png,0,0
11998,20,2021-09-15 06:31:02,2.18,42.31,17.82,2021-09-15,KEMP_IMG_DATA_101.png,0,0
12048,21,2021-09-15 06:35:34,2.1,43.22,16.86,2021-09-15,KEMP_IMG_DATA_102.png,0,0
12223,2,2021-09-16 04:35:13,2.12,42.3,19.53,2021-09-16,KEMP_IMG_DATA_101.png,0,0
12224,2,2021-09-16 04:35:18,1.81,42.02,18.09,2021-09-16,KEMP_IMG_DATA_102.png,0,0
12239,2,2021-09-16 04:36:33,1.99,42.34,15.96,2021-09-16,KEMP_IMG_DATA_102.png,0,0
12506,6,2021-09-16 05:00:12,2.17,43.38,19.07,2021-09-16,KEMP_IMG_DATA_102.png,0,0
12542,6,2021-09-16 05:03:12,2.13,44.61,17.01,2021-09-16,KEMP_IMG_DATA_101.png,0,0
12548,6,2021-09-16 05:03:42,1.85,42.11,17.31,2021-09-16,KEMP_IMG_DATA_102.png,0,0
12571,7,2021-09-16 05:05:57,1.98,42.13,17.12,2021-09-16,KEMP_IMG_DATA_101.png,0,0
12667,8,2021-09-16 05:14:18,2.18,43.49,17.06,2021-09-16,KEMP_IMG_DATA_102.png,0,0
12687,8,2021-09-16 05:15:58,2.05,42.95,18.05,2021-09-16,KEMP_IMG_DATA_101.png,0,0
12791,10,2021-09-16 05:25:21,1.95,43.44,18.02,2021-09-16,KEMP_IMG_DATA_101.png,0,0
12856,11,2021-09-16 05:31:09,1.84,43.41,15.5,2021-09-16,KEMP_IMG_DATA_101.png,0,0
13036,13,2021-09-16 05:46:51,2.14,44.01,16.62,2021-09-16,KEMP_IMG_DATA_101.png,0,0
13154,15,2021-09-16 05:57:25,1.88,41.96,19.06,2021-09-16,KEMP_IMG_DATA_102.png,0,0
13262,17,2021-09-16 06:07:09,2.17,43.49,18.44,2021-09-16,KEMP_IMG_DATA_101.png,0,0
13272,17,2021-09-16 06:07:59,2.08,43.33,16.31,2021-09-16,KEMP_IMG_DATA_102.png,0,0
13289,17,2021-09-16 06:09:24,1.95,43.37,19.66,2021-09-16,KEMP_IMG_DATA_102.png,0,0
13363,18,2021-09-16 06:15:55,1.92,42.12,15.04,2021-09-16,KEMP_IMG_DATA_102.png,0,0
13367,18,2021-09-16 06:16:15,2.11,42.98,18.57,2021-09-16,KEMP_IMG_DATA_101.png,0,0
13388,19,2021-09-16 06:18:20,2.1,42.4,18.53,2021-09-16,KEMP_IMG_DATA_102.png,0,0
13496,20,2021-09-16 06:27:41,2.17,43.05,18.56,2021-09-16,KEMP_IMG_DATA_101.png,0,0
13698,1,2021-09-17 04:31:31,2.0,42.62,16.38,2021-09-17,KEMP_IMG_DATA_102.png,0,0
13888,4,2021-09-17 04:48:25,2.11,44.28,15.08,2021-09-17,KEMP_IMG_DATA_102.png,0,0
13932,4,2021-09-17 04:52:05,2.07,41.31,15.43,2021-09-17,KEMP_IMG_DATA_101.png,0,0
14062,6,2021-09-17 05:03:40,2.03,44.12,16.32,2021-09-17,KEMP_IMG_DATA_101.png,0,0
14179,8,2021-09-17 05:14:07,2.06,44.2,19.75,2021-09-17,KEMP_IMG_DATA_102.png,0,0
14222,9,2021-09-17 05:18:03,2.12,40.75,18.15,2021-09-17,KEMP_IMG_DATA_102.png,0,0
14392,11,2021-09-17 05:32:58,2.09,40.8,19.52,2021-09-17,KEMP_IMG_DATA_101.png,0,0
14439,12,2021-09-17 05:37:14,2.06,40.27,15.73,2021-09-17,KEMP_IMG_DATA_101.png,0,0
14484,12,2021-09-17 05:40:59,1.95,43.4,17.47,2021-09-17,KEMP_IMG_DATA_102.png,0,0
14515,13,2021-09-17 05:43:55,2.15,42.14,15.99,2021-09-17,KEMP_IMG_DATA_101.png,0,0
14591,14,2021-09-17 05:50:38,1.9,44.47,18.77,2021-09-17,KEMP_IMG_DATA_101.png,0,0
14620,14,2021-09-17 05:53:03,2.43,44.95,19.59,2021-09-17,KEMP_IMG_DATA_101.png,0,0
15172,22,2021-09-17 06:42:00,1.82,43.84,16.15,2021-09-17,KEMP_IMG_DATA_102.png,0,0
15298,2,2021-09-23 04:30:27,2.16,43.55,15.68,2021-09-23,KEMP_IMG_DATA_102.png,0,0
15353,3,2021-09-23 04:35:23,1.92,41.1,17.51,2021-09-23,KEMP_IMG_DATA_102.png,0,0
15428,4,2021-09-23 04:42:02,2.07,40.41,17.5,2021-09-23,KEMP_IMG_DATA_102.png,0,0
15530,6,2021-09-23 04:51:17,2.01,40.42,17.39,2021-09-23,KEMP_IMG_DATA_102.png,0,0
15717,8,2021-09-23 05:07:34,1.85,43.94,17.0,2021-09-23,KEMP_IMG_DATA_102.png,0,0
15762,9,2021-09-23 05:11:42,1.89,43.99,15.73,2021-09-23,KEMP_IMG_DATA_101.png,0,0
15811,10,2021-09-23 05:16:10,1.9,42.75,17.38,2021-09-23,KEMP_IMG_DATA_101.png,0,0
15873,11,2021-09-23 05:21:41,1.95,43.34,19.8,2021-09-23,KEMP_IMG_DATA_101.png,0,0
15883,11,2021-09-23 05:22:31,2.08,40.78,17.15,2021-09-23,KEMP_IMG_DATA_101.png,0,0
15887,11,2021-09-23 05:22:51,2.16,42.23,17.02,2021-09-23,KEMP_IMG_DATA_101.png,0,0
15901,11,2021-09-23 05:24:01,1.97,44.01,16.57,2021-09-23,KEMP_IMG_DATA_102.png,0,0
15973,12,2021-09-23 05:30:21,2.12,41.28,16.49,2021-09-23,KEMP_IMG_DATA_101.png,0,0
16255,16,2021-09-23 05:55:22,2.03,42.9,19.2,2021-09-23,KEMP_IMG_DATA_102.png,0,0
16463,19,2021-09-23 06:13:46,2.13,42.3,19.32,2021-09-23,KEMP_IMG_DATA_101.png,0,0
16465,19,2021-09-23 06:13:56,2.08,41.97,17.76,2021-09-23,KEMP_IMG_DATA_102.png,0,0
16678,22,2021-09-23 06:32:48,1.88,41.66,17.38,2021-09-23,KEMP_IMG_DATA_102.png,0,0
16680,22,2021-09-23 06:32:58,1.94,43.73,19.29,2021-09-23,KEMP_IMG_DATA_102.png,0,0
16750,1,2021-09-24 04:27:52,2.08,43.34,16.74,2021-09-24,KEMP_IMG_DATA_101.png,0,0
16757,1,2021-09-24 04:28:27,1.97,43.75,19.97,2021-09-24,KEMP_IMG_DATA_101.png,0,0
16813,2,2021-09-24 04:33:28,2.14,40.26,17.05,2021-09-24,KEMP_IMG_DATA_102.png,0,0
16889,3,2021-09-24 04:40:10,2.16,42.28,15.98,2021-09-24,KEMP_IMG_DATA_102.png,0,0
16926,4,2021-09-24 04:43:36,2.0,42.73,18.76,2021-09-24,KEMP_IMG_DATA_101.png,0,0
16991,5,2021-09-24 04:49:23,2.03,42.45,17.4,2021-09-24,KEMP_IMG_DATA_101.png,0,0
17072,6,2021-09-24 04:56:29,2.15,44.65,16.17,2021-09-24,KEMP_IMG_DATA_101.png,0,0
17162,7,2021-09-24 05:04:22,1.92,41.06,18.84,2021-09-24,KEMP_IMG_DATA_102.png,0,0
17168,7,2021-09-24 05:04:52,2.03,43.59,17.7,2021-09-24,KEMP_IMG_DATA_101.png,0,0
17284,9,2021-09-24 05:15:18,2.12,41.15,15.13,2021-09-24,KEMP_IMG_DATA_102.png,0,0
17291,9,2021-09-24 05:15:53,2.12,40.14,16.82,2021-09-24,KEMP_IMG_DATA_101.png,0,0
17322,10,2021-09-24 05:18:51,1.9,44.73,16.98,2021-09-24,KEMP_IMG_DATA_102.png,0,0
17373,10,2021-09-24 05:23:06,2.02,41.23,19.34,2021-09-24,KEMP_IMG_DATA_102.png,0,0
17418,11,2021-09-24 05:27:13,1.85,42.12,18.12,2021-09-24,KEMP_IMG_DATA_102.png,0,0
17470,12,2021-09-24 05:31:53,1.98,42.02,16.89,2021-09-24,KEMP_IMG_DATA_102.png,0,0
17491,12,2021-09-24 05:33:38,1.94,41.8,15.67,2021-09-24,KEMP_IMG_DATA_102.png,0,0
17618,14,2021-09-24 05:44:57,2.14,40.64,17.6,2021-09-24,KEMP_IMG_DATA_102.png,0,0
17715,15,2021-09-24 05:53:25,2.08,43.74,17.79,2021-09-24,KEMP_IMG_DATA_101.png,0,0
17821,17,2021-09-24 06:02:58,2.01,43.78,15.69,2021-09-24,KEMP_IMG_DATA_102.png,0,0
17837,17,2021-09-24 06:04:18,2.0,42.83,17.77,2021-09-24,KEMP_IMG_DATA_102.png,0,0
17860,17,2021-09-24 06:06:13,1.82,42.55,16.88,2021-09-24,KEMP_IMG_DATA_101.png,0,0
17972,19,2021-09-24 06:16:15,2.26,37.72,17.59,2021-09-24,KEMP_IMG_DATA_102.png,0,0
18016,20,2021-09-24 06:20:16,1.92,43.63,15.24,2021-09-24,KEMP_IMG_DATA_102.png,0,0
18062,20,2021-09-24 06:24:06,2.11,42.89,17.27,2021-09-24,KEMP_IMG_DATA_101.png,0,0
18108,21,2021-09-24 06:28:18,1.97,44.2,15.3,2021-09-24,KEMP_IMG_DATA_101.png,0,0
18493,5,2021-09-27 04:44:49,1.91,44.46,15.65,2021-09-27,KEMP_IMG_DATA_102.png,0,0
18636,7,2021-09-27 04:57:28,2.13,42.32,17.82,2021-09-27,KEMP_IMG_DATA_102.png,0,0
18657,7,2021-09-27 04:59:13,1.84,44.64,18.51,2021-09-27,KEMP_IMG_DATA_102.png,0,0
18710,8,2021-09-27 05:03:58,2.12,41.47,18.7,2021-09-27,KEMP_IMG_DATA_102.png,0,0
18742,8,2021-09-27 05:06:38,2.15,40.73,17.32,2021-09-27,KEMP_IMG_DATA_101.png,0,0
18779,9,2021-09-27 05:10:04,1.82,44.34,17.34,2021-09-27,KEMP_IMG_DATA_102.png,0,0
18880,10,2021-09-27 05:18:50,1.84,43.94,17.73,2021-09-27,KEMP_IMG_DATA_102.png,0,0
18895,10,2021-09-27 05:20:05,2.16,43.44,19.45,2021-09-27,KEMP_IMG_DATA_101.png,0,0
19429,18,2021-09-27 06:07:25,2.02,43.53,16.63,2021-09-27,KEMP_IMG_DATA_102.png,0,0
19509,19,2021-09-27 06:14:26,2.0,40.54,19.21,2021-09-27,KEMP_IMG_DATA_101.png,0,0
19537,20,2021-09-27 06:17:07,1.92,42.09,19.22,2021-09-27,KEMP_IMG_DATA_101.png,0,0
19548,20,2021-09-27 06:18:02,2.18,43.28,19.52,2021-09-27,KEMP_IMG_DATA_102.png,0,0
19656,21,2021-09-27 06:27:25,2.03,43.85,17.94,2021-09-27,KEMP_IMG_DATA_102.png,0,0
19719,22,2021-09-27 06:33:03,2.19,43.92,16.62,2021-09-27,KEMP_IMG_DATA_102.png,0,0
19754,1,2021-09-28 04:28:27,2.16,40.37,18.46,2021-09-28,KEMP_IMG_DATA_102.png,0,0
19760,1,2021-09-28 04:28:57,2.1,44.14,15.26,2021-09-28,KEMP_IMG_DATA_101.png,0,0
19962,4,2021-09-28 04:46:50,2.11,44.48,18.16,2021-09-28,KEMP_IMG_DATA_101.png,0,0
19987,4,2021-09-28 04:48:55,1.85,40.39,17.23,2021-09-28,KEMP_IMG_DATA_102.png,0,0
20000,4,2021-09-28 04:50:00,2.19,41.29,17.35,2021-09-28,KEMP_IMG_DATA_101.png,0,0
20021,5,2021-09-28 04:52:06,2.02,41.16,17.01,2021-09-28,KEMP_IMG_DATA_102.png,0,0
20061,5,2021-09-28 04:55:26,1.82,44.71,16.69,2021-09-28,KEMP_IMG_DATA_102.png,0,0
20093,6,2021-09-28 04:58:27,2.04,42.43,15.99,2021-09-28,KEMP_IMG_DATA_101.png,0,0
20099,6,2021-09-28 04:58:57,2.05,41.25,18.66,2021-09-28,KEMP_IMG_DATA_102.png,0,0
20203,7,2021-09-28 05:07:58,2.14,43.87,16.91,2021-09-28,KEMP_IMG_DATA_102.png,0,0
20288,9,2021-09-28 05:15:48,1.94,43.37,16.53,2021-09-28,KEMP_IMG_DATA_101.png,0,0
20291,9,2021-09-28 05:16:03,2.16,42.88,17.4,2021-09-28,KEMP_IMG_DATA_101.png,0,0
20477,11,2021-09-28 05:32:19,2.06,42.84,19.88,2021-09-28,KEMP_IMG_DATA_101.png,0,0
20495,12,2021-09-28 05:34:12,1.83,42.37,19.66,2021-09-28,KEMP_IMG_DATA_101.png,0,0
20620,13,2021-09-28 05:45:00,1.97,44.63,18.67,2021-09-28,KEMP_IMG_DATA_101.png,0,0
20671,14,2021-09-28 05:49:36,1.99,40.56,19.59,2021-09-28,KEMP_IMG_DATA_102.png,0,0
20937,18,2021-09-28 06:13:14,1.83,40.52,18.08,2021-09-28,KEMP_IMG_DATA_102.png,0,0
20956,18,2021-09-28 06:14:49,1.88,43.69,19.73,2021-09-28,KEMP_IMG_DATA_101.png,0,0
20990,19,2021-09-28 06:18:01,2.03,43.58,15.36,2021-09-28,KEMP_IMG_DATA_102.png,0,0
21031,19,2021-09-28 06:21:26,2.02,40.76,17.12,2021-09-28,KEMP_IMG_DATA_101.png,0,0
21035,19,2021-09-28 06:21:46,1.87,43.76,16.37,2021-09-28,KEMP_IMG_DATA_102.png,0,0
21048,20,2021-09-28 06:23:12,1.94,44.31,16.5,2021-09-28,KEMP_IMG_DATA_102.png,0,0
21168,21,2021-09-28 06:33:34,1.89,41.35,19.93,2021-09-28,KEMP_IMG_DATA_102.png,0,0
21270,1,2021-09-29 04:29:21,1.89,42.97,18.61,2021-09-29,KEMP_IMG_DATA_102.png,0,0
21580,5,2021-09-29 04:56:41,2.18,42.45,18.25,2021-09-29,KEMP_IMG_DATA_101.png,0,0
21639,6,2021-09-29 05:01:57,1.9,42.45,18.56,2021-09-29,KEMP_IMG_DATA_101.png,0,0
21671,7,2021-09-29 05:05:00,1.87,41.49,15.55,2021-09-29,KEMP_IMG_DATA_101.png,0,0
21710,7,2021-09-29 05:08:15,2.17,42.77,19.84,2021-09-29,KEMP_IMG_DATA_102.png,0,0
21735,7,2021-09-29 05:10:20,1.9,43.72,16.01,2021-09-29,KEMP_IMG_DATA_101.png,0,0
21767,8,2021-09-29 05:13:21,1.98,41.6,18.76,2021-09-29,KEMP_IMG_DATA_102.png,0,0
21862,9,2021-09-29 05:21:38,1.82,43.91,19.9,2021-09-29,KEMP_IMG_DATA_102.png,0,0
21867,9,2021-09-29 05:22:03,2.14,41.01,17.02,2021-09-29,KEMP_IMG_DATA_102.png,0,0
21893,10,2021-09-29 05:24:36,1.99,44.94,15.89,2021-09-29,KEMP_IMG_DATA_101.png,0,0
22027,12,2021-09-29 05:36:29,1.95,44.44,16.69,2021-09-29,KEMP_IMG_DATA_102.png,0,0
22113,13,2021-09-29 05:44:01,2.09,41.29,19.6,2021-09-29,KEMP_IMG_DATA_101.png,0,0
22459,18,2021-09-29 06:14:41,1.92,41.71,16.38,2021-09-29,KEMP_IMG_DATA_101.png,0,0
22478,18,2021-09-29 06:16:16,2.01,44.79,15.1,2021-09-29,KEMP_IMG_DATA_102.png,0,0
22485,18,2021-09-29 06:16:52,2.12,44.44,19.41,2021-09-29,KEMP_IMG_DATA_102.png,0,0
22542,19,2021-09-29 06:21:57,2.12,44.0,15.87,2021-09-29,KEMP_IMG_DATA_101.png,0,0
22814,1,2021-09-30 04:28:48,2.15,42.56,15.19,2021-09-30,KEMP_IMG_DATA_101.png,0,0
22973,3,2021-09-30 04:42:46,2.06,43.07,16.27,2021-09-30,KEMP_IMG_DATA_102.png,0,0
22997,4,2021-09-30 04:45:07,2.01,41.17,16.7,2021-09-30,KEMP_IMG_DATA_101.png,0,0
23293,8,2021-09-30 05:11:12,1.86,41.71,16.81,2021-09-30,KEMP_IMG_DATA_101.png,0,0
23375,9,2021-09-30 05:18:24,1.92,41.46,15.55,2021-09-30,KEMP_IMG_DATA_102.png,0,0
23480,11,2021-09-30 05:27:50,2.03,40.09,17.02,2021-09-30,KEMP_IMG_DATA_101.png,0,0
23655,13,2021-09-30 05:43:10,2.07,41.62,19.08,2021-09-30,KEMP_IMG_DATA_102.png,0,0
23719,14,2021-09-30 05:48:52,2.39,41.44,17.74,2021-09-30,KEMP_IMG_DATA_102.png,0,0
23738,15,2021-09-30 05:50:48,1.99,40.93,17.9,2021-09-30,KEMP_IMG_DATA_101.png,0,0
23797,15,2021-09-30 05:55:43,2.01,42.3,18.52,2021-09-30,KEMP_IMG_DATA_101.png,0,0
23799,15,2021-09-30 05:55:53,1.9,40.01,18.21,2021-09-30,KEMP_IMG_DATA_102.png,0,0
23811,16,2021-09-30 05:57:15,2.08,44.78,17.45,2021-09-30,KEMP_IMG_DATA_102.png,0,0
24059,19,2021-09-30 06:18:59,2.04,43.28,17.1,2021-09-30,KEMP_IMG_DATA_101.png,0,0
24116,20,2021-09-30 06:24:05,2.38,42.03,19.41,2021-09-30,KEMP_IMG_DATA_101.png,0,0
24330,1,2021-10-01 04:24:48,1.98,40.55,15.8,2021-10-01,KEMP_IMG_DATA_101.png,0,0
24404,2,2021-10-01 04:31:21,2.12,41.59,16.57,2021-10-01,KEMP_IMG_DATA_101.png,0,0
24488,3,2021-10-01 04:38:44,1.81,41.13,16.18,2021-10-01,KEMP_IMG_DATA_102.png,0,0
24508,4,2021-10-01 04:40:44,1.89,41.98,16.82,2021-10-01,KEMP_IMG_DATA_102.png,0,0
24722,7,2021-10-01 04:59:40,2.14,41.1,19.21,2021-10-01,KEMP_IMG_DATA_102.png,0,0
24827,8,2021-10-01 05:08:47,2.12,44.61,19.46,2021-10-01,KEMP_IMG_DATA_102.png,0,0
24862,9,2021-10-01 05:12:05,2.15,44.9,17.46,2021-10-01,KEMP_IMG_DATA_102.png,0,0
24919,10,2021-10-01 05:17:11,1.97,44.13,15.21,2021-10-01,KEMP_IMG_DATA_102.png,0,0
24946,10,2021-10-01 05:19:26,2.02,43.07,15.92,2021-10-01,KEMP_IMG_DATA_102.png,0,0
24966,10,2021-10-01 05:21:06,2.1,42.57,18.65,2021-10-01,KEMP_IMG_DATA_101.png,0,0
25013,11,2021-10-01 05:25:22,2.03,41.71,15.04,2021-10-01,KEMP_IMG_DATA_101.png,0,0
25175,13,2021-10-01 05:39:35,1.88,42.86,15.26,2021-10-01,KEMP_IMG_DATA_102.png,0,0
25270,15,2021-10-01 05:48:13,2.15,41.16,19.18,2021-10-01,KEMP_IMG_DATA_102.png,0,0
25274,15,2021-10-01 05:48:33,1.92,40.45,18.57,2021-10-01,KEMP_IMG_DATA_101.png,0,0
25325,16,2021-10-01 05:53:09,1.92,43.05,16.39,2021-10-01,KEMP_IMG_DATA_102.png,0,0
25434,17,2021-10-01 06:02:38,2.19,44.85,17.35,2021-10-01,KEMP_IMG_DATA_101.png,0,0
25438,17,2021-10-01 06:02:58,2.04,41.83,18.46,2021-10-01,KEMP_IMG_DATA_101.png,0,0
25523,18,2021-10-01 06:10:25,1.91,43.34,18.7,2021-10-01,KEMP_IMG_DATA_101.png,0,0
25533,19,2021-10-01 06:11:38,2.19,43.68,15.59,2021-10-01,KEMP_IMG_DATA_101.png,0,0
25659,20,2021-10-01 06:22:30,1.9,40.8,15.61,2021-10-01,KEMP_IMG_DATA_101.png,0,0
25800,22,2021-10-01 06:34:58,2.02,43.36,15.84,2021-10-01,KEMP_IMG_DATA_101.png,0,0
25893,2,2021-10-05 04:30:12,2.17,40.76,18.56,2021-10-05,KEMP_IMG_DATA_102.png,0,0
26005,3,2021-10-05 04:39:56,1.83,40.37,18.83,2021-10-05,KEMP_IMG_DATA_102.png,0,0
26100,5,2021-10-05 04:48:33,2.0,44.59,15.3,2021-10-05,KEMP_IMG_DATA_101.png,0,0
26117,5,2021-10-05 04:49:58,1.89,41.72,18.6,2021-10-05,KEMP_IMG_DATA_102.png,0,0
26141,5,2021-10-05 04:51:58,2.0,42.91,18.97,2021-10-05,KEMP_IMG_DATA_102.png,0,0
26201,6,2021-10-05 04:57:21,2.01,41.11,15.02,2021-10-05,KEMP_IMG_DATA_101.png,0,0
26203,6,2021-10-05 04:57:31,1.83,41.01,18.17,2021-10-05,KEMP_IMG_DATA_102.png,0,0
26288,7,2021-10-05 05:04:57,1.94,42.75,19.65,2021-10-05,KEMP_IMG_DATA_102.png,0,0
26326,8,2021-10-05 05:08:29,1.99,44.92,15.06,2021-10-05,KEMP_IMG_DATA_101.png,0,0
26353,8,2021-10-05 05:10:44,1.96,44.92,18.43,2021-10-05,KEMP_IMG_DATA_102.png,0,0
26383,9,2021-10-05 05:13:37,2.09,40.44,18.96,2021-10-05,KEMP_IMG_DATA_101.png,0,0
26385,9,2021-10-05 05:13:47,1.93,43.13,15.48,2021-10-05,KEMP_IMG_DATA_102.png,0,0
26388,9,2021-10-05 05:14:02,1.85,42.85,19.33,2021-10-05,KEMP_IMG_DATA_101.png,0,0
26544,11,2021-10-05 05:27:44,2.19,41.97,16.1,2021-10-05,KEMP_IMG_DATA_102.png,0,0
26549,11,2021-10-05 05:28:09,2.11,40.09,15.94,2021-10-05,KEMP_IMG_DATA_101.png,0,0
26605,12,2021-10-05 05:33:11,2.15,42.01,19.2,2021-10-05,KEMP_IMG_DATA_101.png,0,0
26656,13,2021-10-05 05:37:49,1.9,44.61,19.11,2021-10-05,KEMP_IMG_DATA_101.png,0,0
26828,15,2021-10-05 05:52:52,1.99,42.83,19.69,2021-10-05,KEMP_IMG_DATA_101.png,0,0
26979,17,2021-10-05 06:06:13,2.03,42.87,16.07,2021-10-05,KEMP_IMG_DATA_102.png,0,0
27216,21,2021-10-05 06:27:26,1.87,41.82,15.27,2021-10-05,KEMP_IMG_DATA_101.png,0,0
27294,22,2021-10-05 06:34:19,1.97,44.47,16.69,2021-10-05,KEMP_IMG_DATA_102.png,0,0
27349,1,2021-10-06 04:24:22,2.11,43.24,19.3,2021-10-06,KEMP_IMG_DATA_102.png,0,0
27362,1,2021-10-06 04:25:27,2.09,40.73,16.33,2021-10-06,KEMP_IMG_DATA_101.png,0,0
27412,2,2021-10-06 04:29:58,1.84,41.44,18.15,2021-10-06,KEMP_IMG_DATA_102.png,0,0
27616,5,2021-10-06 04:48:04,1.96,41.31,15.21,2021-10-06,KEMP_IMG_DATA_101.png,0,0
27631,5,2021-10-06 04:49:19,1.98,40.11,15.14,2021-10-06,KEMP_IMG_DATA_102.png,0,0
27642,5,2021-10-06 04:50:14,1.98,43.77,16.92,2021-10-06,KEMP_IMG_DATA_101.png,0,0
27757,7,2021-10-06 05:00:31,2.11,42.58,17.34,2021-10-06,KEMP_IMG_DATA_101.png,0,0
27809,8,2021-10-06 05:05:13,1.94,43.23,19.92,2021-10-06,KEMP_IMG_DATA_102.png,0,0
27850,8,2021-10-06 05:08:38,1.89,43.78,19.59,2021-10-06,KEMP_IMG_DATA_102.png,0,0
27964,10,2021-10-06 05:18:51,1.91,42.58,17.36,2021-10-06,KEMP_IMG_DATA_102.png,0,0
27986,10,2021-10-06 05:20:42,2.15,41.21,16.59,2021-10-06,KEMP_IMG_DATA_101.png,0,0
27991,10,2021-10-06 05:21:07,2.02,42.28,17.19,2021-10-06,KEMP_IMG_DATA_102.png,0,0
27995,10,2021-10-06 05:21:27,1.81,40.51,19.54,2021-10-06,KEMP_IMG_DATA_102.png,0,0
28001,10,2021-10-06 05:21:57,2.13,41.88,18.76,2021-10-06,KEMP_IMG_DATA_102.png,0,0
28059,11,2021-10-06 05:27:09,1.96,42.56,18.4,2021-10-06,KEMP_IMG_DATA_101.png,0,0
28110,12,2021-10-06 05:31:46,1.85,42.82,15.47,2021-10-06,KEMP_IMG_DATA_102.png,0,0
28120,12,2021-10-06 05:32:36,1.94,43.9,16.69,2021-10-06,KEMP_IMG_DATA_102.png,0,0
28381,16,2021-10-06 05:55:52,1.83,40.42,19.31,2021-10-06,KEMP_IMG_DATA_101.png,0,0
28466,17,2021-10-06 06:03:19,2.03,44.57,17.96,2021-10-06,KEMP_IMG_DATA_101.png,0,0
28545,18,2021-10-06 06:10:17,2.13,42.2,18.57,2021-10-06,KEMP_IMG_DATA_102.png,0,0
28571,19,2021-10-06 06:12:48,1.93,40.59,15.77,2021-10-06,KEMP_IMG_DATA_102.png,0,0
28603,19,2021-10-06 06:15:28,2.11,43.13,18.43,2021-10-06,KEMP_IMG_DATA_102.png,0,0
28621,19,2021-10-06 06:16:59,2.18,41.53,19.38,2021-10-06,KEMP_IMG_DATA_101.png,0,0
28773,21,2021-10-06 06:30:22,2.14,40.41,16.04,2021-10-06,KEMP_IMG_DATA_101.png,0,0
28812,22,2021-10-06 06:33:59,1.82,43.56,17.1,2021-10-06,KEMP_IMG_DATA_102.png,0,0
28851,1,2021-10-07 04:20:47,2.01,42.88,17.68,2021-10-07,KEMP_IMG_DATA_101.png,0,0
28938,2,2021-10-07 04:28:24,1.83,44.31,19.63,2021-10-07,KEMP_IMG_DATA_101.png,0,0
29124,5,2021-10-07 04:45:03,1.83,43.84,18.01,2021-10-07,KEMP_IMG_DATA_102.png,0,0
29138,5,2021-10-07 04:46:13,1.9,42.85,16.12,2021-10-07,KEMP_IMG_DATA_101.png,0,0
29322,7,2021-10-07 05:02:16,1.83,43.95,15.68,2021-10-07,KEMP_IMG_DATA_102.png,0,0
29337,8,2021-10-07 05:03:52,2.09,40.82,18.96,2021-10-07,KEMP_IMG_DATA_102.png,0,0
29416,9,2021-10-07 05:10:49,2.07,43.1,18.39,2021-10-07,KEMP_IMG_DATA_102.png,0,0
29522,10,2021-10-07 05:20:01,2.11,40.54,17.41,2021-10-07,KEMP_IMG_DATA_102.png,0,0
29551,11,2021-10-07 05:22:49,2.07,43.41,19.04,2021-10-07,KEMP_IMG_DATA_102.png,0,0
29619,12,2021-10-07 05:28:52,1.99,41.06,16.0,2021-10-07,KEMP_IMG_DATA_102.png,0,0
29669,12,2021-10-07 05:33:02,1.92,43.25,18.33,2021-10-07,KEMP_IMG_DATA_102.png,0,0
29680,13,2021-10-07 05:34:18,2.17,43.55,15.43,2021-10-07,KEMP_IMG_DATA_101.png,0,0
29706,13,2021-10-07 05:36:28,1.96,40.26,17.46,2021-10-07,KEMP_IMG_DATA_101.png,0,0
29717,13,2021-10-07 05:37:23,2.01,42.97,16.26,2021-10-07,KEMP_IMG_DATA_102.png,0,0
29741,14,2021-10-07 05:39:46,1.82,43.67,15.56,2021-10-07,KEMP_IMG_DATA_101.png,0,0
29777,14,2021-10-07 05:42:46,1.94,42.46,15.99,2021-10-07,KEMP_IMG_DATA_102.png,0,0
29824,15,2021-10-07 05:47:03,2.08,42.42,15.61,2021-10-07,KEMP_IMG_DATA_102.png,0,0
29850,15,2021-10-07 05:49:13,2.07,43.5,19.59,2021-10-07,KEMP_IMG_DATA_101.png,0,0
29857,15,2021-10-07 05:49:48,2.03,44.04,18.74,2021-10-07,KEMP_IMG_DATA_102.png,0,0
29868,15,2021-10-07 05:50:43,2.19,41.56,18.25,2021-10-07,KEMP_IMG_DATA_102.png,0,0
29890,16,2021-10-07 05:52:55,2.11,40.7,11.9,2021-10-07,KEMP_IMG_DATA_102.png,0,0
29935,16,2021-10-07 05:56:40,2.08,40.55,17.09,2021-10-07,KEMP_IMG_DATA_102.png,0,0
29960,17,2021-10-07 05:59:07,1.81,44.7,18.4,2021-10-07,KEMP_IMG_DATA_102.png,0,0
29966,17,2021-10-07 05:59:37,2.11,44.01,16.43,2021-10-07,KEMP_IMG_DATA_101.png,0,0
30108,19,2021-10-07 06:12:09,1.94,41.27,15.27,2021-10-07,KEMP_IMG_DATA_101.png,0,0
30145,19,2021-10-07 06:15:14,1.85,40.5,19.02,2021-10-07,KEMP_IMG_DATA_102.png,0,0
30189,20,2021-10-07 06:19:15,2.12,40.77,17.1,2021-10-07,KEMP_IMG_DATA_101.png,0,0
30449,2,2021-10-08 04:28:17,1.87,44.45,16.22,2021-10-08,KEMP_IMG_DATA_102.png,0,0
30490,2,2021-10-08 04:31:42,1.95,42.72,18.28,2021-10-08,KEMP_IMG_DATA_101.png,0,0
30505,3,2021-10-08 04:33:20,1.86,42.12,17.18,2021-10-08,KEMP_IMG_DATA_101.png,0,0
30630,4,2021-10-08 04:44:08,1.93,44.61,15.98,2021-10-08,KEMP_IMG_DATA_101.png,0,0
30669,5,2021-10-08 04:47:45,2.08,40.54,15.31,2021-10-08,KEMP_IMG_DATA_102.png,0,0
30698,5,2021-10-08 04:50:10,2.05,41.04,18.85,2021-10-08,KEMP_IMG_DATA_101.png,0,0
30777,7,2021-10-08 04:57:27,2.16,44.84,18.01,2021-10-08,KEMP_IMG_DATA_101.png,0,0
30815,7,2021-10-08 05:00:38,1.89,43.51,15.44,2021-10-08,KEMP_IMG_DATA_101.png,0,0
30918,9,2021-10-08 05:09:55,2.11,44.52,18.52,2021-10-08,KEMP_IMG_DATA_101.png,0,0
31093,11,2021-10-08 05:25:15,2.1,41.27,16.42,2021-10-08,KEMP_IMG_DATA_101.png,0,0
31172,12,2021-10-08 05:32:11,1.89,41.01,16.29,2021-10-08,KEMP_IMG_DATA_101.png,0,0
31223,13,2021-10-08 05:36:49,2.05,41.62,18.95,2021-10-08,KEMP_IMG_DATA_101.png,0,0
31312,14,2021-10-08 05:44:35,2.09,40.6,17.94,2021-10-08,KEMP_IMG_DATA_102.png,0,0
31356,15,2021-10-08 05:48:38,1.86,43.71,18.18,2021-10-08,KEMP_IMG_DATA_102.png,0,0
31412,16,2021-10-08 05:53:39,1.84,44.02,19.19,2021-10-08,KEMP_IMG_DATA_102.png,0,0
31545,18,2021-10-08 06:05:28,1.86,43.21,16.06,2021-10-08,KEMP_IMG_DATA_102.png,0,0
31634,19,2021-10-08 06:13:14,1.84,42.33,16.21,2021-10-08,KEMP_IMG_DATA_101.png,0,0
31718,20,2021-10-08 06:20:35,2.03,44.39,15.39,2021-10-08,KEMP_IMG_DATA_102.png,0,0
31733,20,2021-10-08 06:21:50,1.97,41.03,18.36,2021-10-08,KEMP_IMG_DATA_102.png,0,0
31827,22,2021-10-08 06:30:26,2.06,44.21,18.04,2021-10-08,KEMP_IMG_DATA_101.png,0,0
31833,22,2021-10-08 06:30:56,2.08,40.4,16.68,2021-10-08,KEMP_IMG_DATA_101.png,0,0
31889,1,2021-10-12 04:26:00,2.11,43.35,18.27,2021-10-12,KEMP_IMG_DATA_102.png,0,0
32201,5,2021-10-12 04:53:28,2.06,41.91,17.72,2021-10-12,KEMP_IMG_DATA_102.png,0,0
32299,7,2021-10-12 05:02:20,2.14,42.37,18.34,2021-10-12,KEMP_IMG_DATA_101.png,0,0
32387,8,2021-10-12 05:10:02,1.91,40.1,17.68,2021-10-12,KEMP_IMG_DATA_102.png,0,0
32553,10,2021-10-12 05:24:34,1.92,43.2,15.86,2021-10-12,KEMP_IMG_DATA_101.png,0,0
32561,10,2021-10-12 05:25:14,2.15,42.13,19.72,2021-10-12,KEMP_IMG_DATA_101.png,0,0
32666,12,2021-10-12 05:34:43,2.17,43.17,15.5,2021-10-12,KEMP_IMG_DATA_101.png,0,0
32832,14,2021-10-12 05:49:18,1.97,43.2,18.63,2021-10-12,KEMP_IMG_DATA_102.png,0,0
32888,15,2021-10-12 05:54:19,2.13,41.91,16.8,2021-10-12,KEMP_IMG_DATA_102.png,0,0
32900,15,2021-10-12 05:55:19,2.17,40.34,19.29,2021-10-12,KEMP_IMG_DATA_102.png,0,0
32929,16,2021-10-12 05:58:05,1.95,41.01,19.09,2021-10-12,KEMP_IMG_DATA_101.png,0,0
33264,21,2021-10-12 06:27:51,2.09,41.39,15.18,2021-10-12,KEMP_IMG_DATA_101.png,0,0
33280,21,2021-10-12 06:29:11,1.85,43.79,16.94,2021-10-12,KEMP_IMG_DATA_101.png,0,0
33384,22,2021-10-12 06:38:12,2.15,42.51,17.96,2021-10-12,KEMP_IMG_DATA_102.png,0,0
33410,1,2021-10-13 04:25:38,2.04,41.82,17.56,2021-10-13,KEMP_IMG_DATA_102.png,0,0
33522,2,2021-10-13 04:35:20,1.83,41.57,18.84,2021-10-13,KEMP_IMG_DATA_102.png,0,0
33742,6,2021-10-13 04:55:08,1.99,44.54,19.89,2021-10-13,KEMP_IMG_DATA_101.png,0,0
33926,8,2021-10-13 05:11:13,1.9,40.4,19.38,2021-10-13,KEMP_IMG_DATA_102.png,0,0
33931,8,2021-10-13 05:11:38,1.95,41.87,16.83,2021-10-13,KEMP_IMG_DATA_101.png,0,0
33966,9,2021-10-13 05:14:53,1.91,41.34,17.28,2021-10-13,KEMP_IMG_DATA_101.png,0,0
33968,9,2021-10-13 05:15:03,1.96,43.68,11.05,2021-10-13,KEMP_IMG_DATA_102.png,0,0
34003,9,2021-10-13 05:17:58,1.84,44.05,16.69,2021-10-13,KEMP_IMG_DATA_102.png,0,0
34039,10,2021-10-13 05:21:18,1.93,43.75,17.11,2021-10-13,KEMP_IMG_DATA_101.png,0,0
34478,16,2021-10-13 06:00:04,2.09,43.5,15.4,2021-10-13,KEMP_IMG_DATA_102.png,0,0
34563,17,2021-10-13 06:07:31,2.03,41.91,18.68,2021-10-13,KEMP_IMG_DATA_101.png,0,0
34871,22,2021-10-13 06:34:59,2.13,42.16,19.18,2021-10-13,KEMP_IMG_DATA_102.png,0,0
34891,22,2021-10-13 06:36:39,2.05,41.89,16.37,2021-10-13,KEMP_IMG_DATA_101.png,0,0
34916,1,2021-10-14 04:20:45,1.97,42.07,15.82,2021-10-14,KEMP_IMG_DATA_102.png,0,0
35150,4,2021-10-14 04:41:19,2.03,40.37,17.12,2021-10-14,KEMP_IMG_DATA_101.png,0,0
35178,4,2021-10-14 04:43:39,1.88,40.24,15.77,2021-10-14,KEMP_IMG_DATA_101.png,0,0
35248,5,2021-10-14 04:49:52,2.09,41.52,15.89,2021-10-14,KEMP_IMG_DATA_102.png,0,0
35435,8,2021-10-14 05:06:34,1.87,41.81,19.31,2021-10-14,KEMP_IMG_DATA_102.png,0,0
35518,9,2021-10-14 05:13:52,2.02,42.68,15.97,2021-10-14,KEMP_IMG_DATA_102.png,0,0
35582,10,2021-10-14 05:19:35,1.84,41.42,15.45,2021-10-14,KEMP_IMG_DATA_101.png,0,0
35718,12,2021-10-14 05:31:41,2.13,44.19,16.26,2021-10-14,KEMP_IMG_DATA_101.png,0,0
35735,12,2021-10-14 05:33:06,2.18,41.87,16.53,2021-10-14,KEMP_IMG_DATA_102.png,0,0
35768,13,2021-10-14 05:36:12,2.16,43.38,19.32,2021-10-14,KEMP_IMG_DATA_101.png,0,0
35774,13,2021-10-14 05:36:42,2.13,41.75,18.42,2021-10-14,KEMP_IMG_DATA_102.png,0,0
35887,15,2021-10-14 05:46:51,1.9,41.45,17.06,2021-10-14,KEMP_IMG_DATA_102.png,0,0
35912,15,2021-10-14 05:48:56,2.06,42.46,16.3,2021-10-14,KEMP_IMG_DATA_101.png,0,0
35945,15,2021-10-14 05:51:41,2.01,43.32,15.95,2021-10-14,KEMP_IMG_DATA_101.png,0,0
35973,16,2021-10-14 05:54:22,1.92,43.18,18.16,2021-10-14,KEMP_IMG_DATA_101.png,0,0
36052,17,2021-10-14 06:01:19,2.18,44.13,16.53,2021-10-14,KEMP_IMG_DATA_102.png,0,0
36058,17,2021-10-14 06:01:49,1.83,41.09,16.42,2021-10-14,KEMP_IMG_DATA_101.png,0,0
36130,18,2021-10-14 06:08:10,1.9,43.98,16.68,2021-10-14,KEMP_IMG_DATA_102.png,0,0
36155,18,2021-10-14 06:10:15,1.89,40.87,19.86,2021-10-14,KEMP_IMG_DATA_101.png,0,0
36172,19,2021-10-14 06:12:01,1.85,43.7,16.84,2021-10-14,KEMP_IMG_DATA_101.png,0,0
36193,19,2021-10-14 06:13:46,2.14,43.23,16.17,2021-10-14,KEMP_IMG_DATA_101.png,0,0
36213,19,2021-10-14 06:15:26,2.13,43.86,16.6,2021-10-14,KEMP_IMG_DATA_102.png,0,0
36301,21,2021-10-14 06:23:32,1.93,40.88,15.74,2021-10-14,KEMP_IMG_DATA_102.png,0,0
36362,21,2021-10-14 06:28:37,1.92,40.88,16.33,2021-10-14,KEMP_IMG_DATA_102.png,0,0
36390,22,2021-10-14 06:31:18,1.88,40.9,17.82,2021-10-14,KEMP_IMG_DATA_102.png,0,0
36409,22,2021-10-14 06:32:53,2.08,40.01,15.11,2021-10-14,KEMP_IMG_DATA_101.png,0,0
36459,1,2021-10-15 04:27:41,1.85,43.31,17.41,2021-10-15,KEMP_IMG_DATA_101.png,0,0
36468,1,2021-10-15 04:28:26,1.91,44.37,18.58,2021-10-15,KEMP_IMG_DATA_102.png,0,0
